,Neighborhood,Price
0,"Downtown Boston, Boston","$5,735"
1,"Bay Village, Boston","$6,775"
2,"West Fens, Fenway - Kenmore - Audubon Circle - Longwood, Boston","$2,200"
3,"West End, Boston","$3,435"
4,"Prudential - St. Botolph, Back Bay, Boston","$6,199"
5,"Fenway, Fenway - Kenmore - Audubon Circle - Longwood, Boston","$2,980"
6,"Prudential - St. Botolph, Back Bay, Boston","$4,970"
7,"West Fens, Fenway - Kenmore - Audubon Circle - Longwood, Boston","$5,997"
8,"Central Maverick Square - Paris Street, East Boston, Boston","$3,699"
9,"St. Elizabeth's, Brighton, Boston","$2,525"
10,"Downtown Boston, Boston","$2,795"
11,"Bay Village, Boston","$5,150"
12,"Medford Street - The Neck, Charlestown, Boston","$2,841"
13,"Seaport District, D Street - West Broadway, South Boston, Boston","$3,568"
14,"Allston, Boston","$5,654"
15,"Jamaica Hills - Pond, Jamaica Plain, Boston","$4,092"
16,"Central Maverick Square - Paris Street, East Boston, Boston","$2,602"
17,"Shawmut, South End, Boston","$4,250"
18,"North End, Boston","$3,755"
19,"Chinatown - Leather District, Boston","$3,454"
20,"Shawmut, South End, Boston","$6,802"
21,"West Fens, Fenway - Kenmore - Audubon Circle - Longwood, Boston","$2,524"
22,"Fenway, Fenway - Kenmore - Audubon Circle - Longwood, Boston","$2,925"
23,"Central Maverick Square - Paris Street, East Boston, Boston","$3,699"
24,"Prudential - St. Botolph, Back Bay, Boston","$4,175"
25,"St. Elizabeth's, Brighton, Boston","$2,525"
26,"Fenway, Fenway - Kenmore - Audubon Circle - Longwood, Boston","$3,436"
27,"Downtown Boston, Boston","$2,795"
28,"Downtown Boston, Boston","$3,075"
29,"Fenway, Fenway - Kenmore - Audubon Circle - Longwood, Boston","$4,466"
30,"Prudential - St. Botolph, Back Bay, Boston","$4,225"
31,"North End, Boston","$3,000"
32,"Mission Hill, Boston","$2,505"
33,"Fenway, Fenway - Kenmore - Audubon Circle - Longwood, Boston","$3,025"
34,"Prudential - St. Botolph, Back Bay, Boston","$3,155"
35,"Chinatown - Leather District, Boston","$4,188"
36,"Shawmut, South End, Boston","$3,164"
37,"Fenway, Fenway - Kenmore - Audubon Circle - Longwood, Boston","$3,400"
38,"Shawmut, South End, Boston","$2,929"
39,"Prudential - St. Botolph, Back Bay, Boston","$5,815"
40,"Downtown Boston, Boston","$4,366"
41,"Seaport District, D Street - West Broadway, South Boston, Boston","$3,149"
42,"Downtown Boston, Boston","$2,795"
43,"Prudential - St. Botolph, Back Bay, Boston","$4,490"
44,"West Fens, Fenway - Kenmore - Audubon Circle - Longwood, Boston","$2,325"
45,"Downtown Boston, Boston","$3,075"
46,"Fenway, Fenway - Kenmore - Audubon Circle - Longwood, Boston","$4,466"
47,"Prudential - St. Botolph, Back Bay, Boston","$4,225"
48,"Seaport District, D Street - West Broadway, South Boston, Boston","$3,568"
49,"Downtown Boston, Boston","$4,450"
50,"Seaport District, D Street - West Broadway, South Boston, Boston","$6,019"
51,"West Fens, Fenway - Kenmore - Audubon Circle - Longwood, Boston","$3,365"
52,"West Fens, Fenway - Kenmore - Audubon Circle - Longwood, Boston","$3,710"
53,"Central Maverick Square - Paris Street, East Boston, Boston","$2,600"
54,"Downtown Boston, Boston","$6,398"
55,"Downtown Boston, Boston","$6,253"
56,"West End, Boston","$2,415"
57,"Downtown Boston, Boston","$3,916"
58,"Central Maverick Square - Paris Street, East Boston, Boston","$2,825"
59,"Jamaica Central - South Sumner, Jamaica Plain, Boston","$2,478"
60,"Harrison Lenox, South End, Boston","$3,475"
61,"Downtown Boston, Boston","$3,075"
62,"Fenway, Fenway - Kenmore - Audubon Circle - Longwood, Boston","$4,466"
63,"Shawmut, South End, Boston","$2,999"
64,"West Fens, Fenway - Kenmore - Audubon Circle - Longwood, Boston","$2,450"
65,"Prudential - St. Botolph, Back Bay, Boston","$4,225"
66,"Bay Village, Boston","$4,415"
67,"Seaport District, D Street - West Broadway, South Boston, Boston","$6,019"
68,"Prudential - St. Botolph, Back Bay, Boston","$5,599"
69,"West Fens, Fenway - Kenmore - Audubon Circle - Longwood, Boston","$2,350"
70,"Chinatown - Leather District, Boston","$3,515"
71,"Fenway, Fenway - Kenmore - Audubon Circle - Longwood, Boston","$4,300"
72,"Harrison Lenox, South End, Boston","$3,475"
73,"Seaport District, D Street - West Broadway, South Boston, Boston","$5,303"
74,"Downtown Boston, Boston","$3,424"
75,"Downtown Boston, Boston","$2,930"
76,"Shawmut, South End, Boston","$3,189"
77,"Seaport District, D Street - West Broadway, South Boston, Boston","$3,995"
78,"D Street - West Broadway, South Boston, Boston","$4,040"
79,"Harrison Lenox, South End, Boston","$3,475"
80,"Shawmut, South End, Boston","$3,978"
81,"Downtown Boston, Boston","$4,269"
82,"Bay Village, Boston","$4,415"
83,"Downtown Boston, Boston","$3,313"
84,"Central Maverick Square - Paris Street, East Boston, Boston","$3,600"
85,"Downtown Boston, Boston","$4,124"
86,"Seaport District, D Street - West Broadway, South Boston, Boston","$6,019"
87,"Prudential - St. Botolph, Back Bay, Boston","$5,599"
88,"West Fens, Fenway - Kenmore - Audubon Circle - Longwood, Boston","$2,350"
89,"Prudential - St. Botolph, Back Bay, Boston","$3,215"
90,"North End, Boston","$3,075"
91,"D Street - West Broadway, South Boston, Boston","$3,235"
92,"Shawmut, South End, Boston","$2,678"
93,"Fenway, Fenway - Kenmore - Audubon Circle - Longwood, Boston","$3,817"
94,"Downtown Boston, Boston","$3,370"
95,"Shawmut, South End, Boston","$6,645"
96,"Central Maverick Square - Paris Street, East Boston, Boston","$3,100"
97,"Fenway, Fenway - Kenmore - Audubon Circle - Longwood, Boston","$3,436"
98,"Downtown Boston, Boston","$9,970"
99,"West Fens, Fenway - Kenmore - Audubon Circle - Longwood, Boston","$1,625"
100,"Downtown Boston, Boston","$3,313"
101,"Central Maverick Square - Paris Street, East Boston, Boston","$3,600"
102,"West Fens, Fenway - Kenmore - Audubon Circle - Longwood, Boston","$2,706"
103,"Downtown Boston, Boston","$4,124"
104,"Seaport District, D Street - West Broadway, South Boston, Boston","$6,019"
105,"Prudential - St. Botolph, Back Bay, Boston","$5,599"
106,"West Fens, Fenway - Kenmore - Audubon Circle - Longwood, Boston","$2,350"
107,"Prudential - St. Botolph, Back Bay, Boston","$3,215"
108,"Chinatown - Leather District, Boston","$3,060"
109,"Bay Village, Boston","$4,075"
110,"Downtown Boston, Boston","$9,970"
111,"Chinatown - Leather District, Boston","$3,564"
112,"North End, Boston","$3,755"
113,"North End, Boston","$4,420"
114,"Allston, Boston","$2,889"
115,"Fenway, Fenway - Kenmore - Audubon Circle - Longwood, Boston","$3,796"
116,"Seaport District, D Street - West Broadway, South Boston, Boston","$2,644"
117,"West Fens, Fenway - Kenmore - Audubon Circle - Longwood, Boston","$2,325"
118,"Seaport District, D Street - West Broadway, South Boston, Boston","$4,750"
119,"Shawmut, South End, Boston","$3,009"
120,"Fenway, Fenway - Kenmore - Audubon Circle - Longwood, Boston","$3,817"
121,"Prudential - St. Botolph, Back Bay, Boston","$3,215"
122,"Seaport District, D Street - West Broadway, South Boston, Boston","$4,108"
123,"West End, Boston","$2,115"
124,"Central Maverick Square - Paris Street, East Boston, Boston","$2,577"
125,"Chinatown - Leather District, Boston","$3,060"
126,"Bay Village, Boston","$4,075"
127,"Downtown Boston, Boston","$9,970"
128,"D Street - West Broadway, South Boston, Boston","$4,380"
129,"Chinatown - Leather District, Boston","$6,348"
130,"Downtown Boston, Boston","$3,275"
131,"Downtown Boston, Boston","$2,850"
132,"Downtown Boston, Boston","$2,930"
133,"Shawmut, South End, Boston","$3,189"
134,"Central Maverick Square - Paris Street, East Boston, Boston","$1,900"
135,"Lakeview, Waltham","$1,970"
136,"West Fens, Fenway - Kenmore - Audubon Circle - Longwood, Boston","$3,009"
137,"Watertown West End, Watertown","$1,950"
138,"Central Maverick Square - Paris Street, East Boston, Boston","$2,700"
139,"Prudential - St. Botolph, Back Bay, Boston","$4,500"
140,"Downtown Boston, Boston","$3,050"
141,"Prudential - St. Botolph, Back Bay, Boston","$4,799"
142,"West End, Boston","$2,115"
143,"Central Maverick Square - Paris Street, East Boston, Boston","$2,577"
144,"Chinatown - Leather District, Boston","$3,060"
145,"Bay Village, Boston","$4,075"
146,"Downtown Boston, Boston","$9,970"
147,"Seaport District, D Street - West Broadway, South Boston, Boston","$3,945"
148,"D Street - West Broadway, South Boston, Boston","$4,380"
149,"Seaport District, D Street - West Broadway, South Boston, Boston","$3,705"
150,"Downtown Boston, Boston","$2,795"
151,"Downtown Boston, Boston","$5,025"
152,"Downtown Melrose, Melrose","$1,945"
153,"Lower Roxbury, Roxbury, Boston","$2,900"
154,"Watertown West End, Watertown","$1,600"
155,"Bay Village, Boston","$7,395"
156,"Fenway, Fenway - Kenmore - Audubon Circle - Longwood, Boston","$5,723"
157,"Cambridge Highlands, Cambridge","$2,415"
158,"Seaport District, D Street - West Broadway, South Boston, Boston","$6,069"
159,"Prudential - St. Botolph, Back Bay, Boston","$7,890"
160,"Fenway, Fenway - Kenmore - Audubon Circle - Longwood, Boston","$2,795"
161,"Downtown Boston, Boston","$3,351"
162,"Seaport District, D Street - West Broadway, South Boston, Boston","$3,945"
163,"Fenway, Fenway - Kenmore - Audubon Circle - Longwood, Boston","$3,436"
164,"D Street - West Broadway, South Boston, Boston","$4,380"
165,"Seaport District, D Street - West Broadway, South Boston, Boston","$3,705"
166,"Downtown Boston, Boston","$2,795"
167,"Prudential - St. Botolph, Back Bay, Boston","$8,235"
168,"West Fens, Fenway - Kenmore - Audubon Circle - Longwood, Boston","$10,871"
169,"Mission Hill, Boston","$2,410"
170,"West End, Boston","$3,435"
171,"Downtown Boston, Boston","$4,945"
172,"West Fens, Fenway - Kenmore - Audubon Circle - Longwood, Boston","$7,085"
173,"Downtown Boston, Boston","$3,115"
174,"East Watertown, Watertown","$4,825"
175,"Shawmut, South End, Boston","$3,177"
176,"East Cambridge, Cambridge","$2,816"
177,"Prudential - St. Botolph, Back Bay, Boston","$2,500"
178,"West Fens, Fenway - Kenmore - Audubon Circle - Longwood, Boston","$2,710"
179,"West Fens, Fenway - Kenmore - Audubon Circle - Longwood, Boston","$3,104"
180,"Cambridge Highlands, Cambridge","$2,250"
181,"Seaport District, D Street - West Broadway, South Boston, Boston","$3,705"
182,"West End, Boston","$3,410"
183,"Downtown Boston, Boston","$2,795"
184,"Central Maverick Square - Paris Street, East Boston, Boston","$2,652"
185,"Seaport District, D Street - West Broadway, South Boston, Boston","$5,228"
186,"Prudential - St. Botolph, Back Bay, Boston","$8,235"
187,"West Fens, Fenway - Kenmore - Audubon Circle - Longwood, Boston","$10,871"
188,"Mission Hill, Boston","$2,410"
189,"West End, Boston","$3,435"
190,"Downtown Boston, Boston","$4,945"
191,"West Fens, Fenway - Kenmore - Audubon Circle - Longwood, Boston","$7,085"
192,"Downtown Boston, Boston","$3,115"
193,"East Watertown, Watertown","$4,825"
194,"Shawmut, South End, Boston","$3,177"
195,"East Cambridge, Cambridge","$2,816"
196,"West End, Waltham","$2,724"
197,"Back Central, Lowell","$1,750"
198,"North Cambridge, Cambridge","$3,409"
199,"Chinatown - Leather District, Boston","$3,561"
200,"Malden Center, Malden","$2,750"
201,"Shawmut, South End, Boston","$3,400"
202,"Seaport District, D Street - West Broadway, South Boston, Boston","$5,228"
203,"Prudential - St. Botolph, Back Bay, Boston","$8,235"
204,"Riverside, Cambridge","$1,925"
205,"Central Maverick Square - Paris Street, East Boston, Boston","$2,727"
206,"West Fens, Fenway - Kenmore - Audubon Circle - Longwood, Boston","$10,871"
207,"Mission Hill, Boston","$2,410"
208,"West End, Boston","$3,435"
209,"Downtown Boston, Boston","$4,945"
210,"West Fens, Fenway - Kenmore - Audubon Circle - Longwood, Boston","$7,085"
211,"Downtown Boston, Boston","$3,115"
212,"East Watertown, Watertown","$4,825"
213,"Shawmut, South End, Boston","$3,177"
214,"East Cambridge, Cambridge","$2,816"
215,"West End, Waltham","$2,724"
216,"Back Central, Lowell","$1,750"
217,"North Cambridge, Cambridge","$3,409"
218,"Chinatown - Leather District, Boston","$3,561"
219,"North Common, Lawrence","$2,700"
220,"Shawmut, South End, Boston","$3,091"
221,"West End, Waltham","$2,724"
222,"Back Central, Lowell","$1,750"
223,"North Cambridge, Cambridge","$3,409"
224,"East Cambridge, Cambridge","$3,471"
225,"Chinatown - Leather District, Boston","$3,561"
226,"Downtown Boston, Boston","$3,030"
227,"North Common, Lawrence","$2,700"
228,"Malden Center, Malden","$2,777"
229,"Downtown Boston, Boston","$5,868"
230,"Cummingsville, Woburn","$1,895"
231,"West Fens, Fenway - Kenmore - Audubon Circle - Longwood, Boston","$3,215"
232,"Shawmut, South End, Boston","$2,945"
233,"West Fens, Fenway - Kenmore - Audubon Circle - Longwood, Boston","$3,227"
234,"Seaport District, D Street - West Broadway, South Boston, Boston","$4,291"
235,Reading,"$1,900"
236,"Watertown West End, Watertown","$1,850"
237,Dedham,"$3,120"
238,"Seaport District, D Street - West Broadway, South Boston, Boston","$5,736"
239,Tewksbury,"$2,090"
240,Reading,"$1,900"
241,"West End, Waltham","$2,612"
242,"West End, Boston","$5,030"
243,"Watertown West End, Watertown","$1,850"
244,Dedham,"$3,120"
245,"Seaport District, D Street - West Broadway, South Boston, Boston","$5,736"
246,Tewksbury,"$2,090"
247,"Prudential - St. Botolph, Back Bay, Boston","$3,980"
248,"Powder House, Somerville","$3,735"
249,"West Revere, Malden","$1,625"
250,"Downtown Lowell, Lowell","$2,420"
251,"Medford Street - The Neck, Charlestown, Boston","$2,389"
252,"Central Maverick Square - Paris Street, East Boston, Boston","$3,050"
253,"General Donovan, Lawrence","$1,600"
254,"West Revere, Revere","$1,650"
255,"Cambridgeport, Cambridge","$2,900"
256,"Kendall Square, Cambridge","$3,330"
257,"Downtown Boston, Boston","$3,844"
258,"Upper Washington - Spring Street, West Roxbury, Boston","$1,825"
259,"Malden Center, Malden","$2,200"
260,"Central Maverick Square - Paris Street, East Boston, Boston","$3,050"
261,"General Donovan, Lawrence","$1,600"
262,"West Revere, Revere","$1,650"
263,"Cambridgeport, Cambridge","$2,900"
264,"Kendall Square, Cambridge","$3,330"
265,"Thompson Square - Bunker Hill, Charlestown, Boston","$3,847"
266,"Telegraph Hill, South Boston, Boston","$2,440"
267,"Downtown Boston, Boston","$3,844"
268,"Upper Washington - Spring Street, West Roxbury, Boston","$1,825"
269,"Malden Center, Malden","$2,200"
270,"Mission Hill, Boston","$2,455"
271,"Downtown Boston, Boston","$4,219"
272,"West Fens, Fenway - Kenmore - Audubon Circle - Longwood, Boston","$3,780"
273,"Shakerhill, Woburn","$1,945"
274,"South Common, Lawrence","$1,800"
275,"Prudential - St. Botolph, Back Bay, Boston","$7,280"
276,"Seaport District, D Street - West Broadway, South Boston, Boston","$3,610"
277,"Quincy Center, Quincy","$2,473"
278,"Crescent Beach, Revere","$1,971"
279,"Thompson Square - Bunker Hill, Charlestown, Boston","$2,250"
280,"Seaport District, D Street - West Broadway, South Boston, Boston","$3,610"
281,"West Revere, Malden","$2,183"
282,"Quincy Center, Quincy","$2,473"
283,"Downtown Boston, Boston","$5,749"
284,"Shawmut, South End, Boston","$6,853"
285,"Crescent Beach, Revere","$1,971"
286,"Thompson Square - Bunker Hill, Charlestown, Boston","$2,250"
287,"Downtown Boston, Boston","$2,960"
288,"East Watertown, Watertown","$3,240"
289,"West Fens, Fenway - Kenmore - Audubon Circle - Longwood, Boston","$2,850"
290,"West Fens, Fenway - Kenmore - Audubon Circle - Longwood, Boston","$11,035"
291,"Weymouth Landing, Braintree Town","$1,800"
292,"North Common, Lawrence","$1,550"
293,"Shawmut, South End, Boston","$6,558"
294,"Malden Center, Malden","$2,137"
295,"St. Elizabeth's, Brighton, Boston","$2,600"
296,"Prudential - St. Botolph, Back Bay, Boston","$4,395"
297,"Malden Center, Malden","$1,900"
298,"Washington Square, Brookline","$2,350"
299,"Cambridgeport, Cambridge","$3,600"
300,"Downtown Medford, Medford","$2,213"
301,"Cambridgeport, Cambridge","$2,300"
302,"Shawmut, South End, Boston","$4,449"
303,"Central Maverick Square - Paris Street, East Boston, Boston","$2,290"
304,"Chinatown - Leather District, Boston","$5,058"
305,"South Common, Lawrence","$1,600"
306,"Shawmut, South End, Boston","$2,574"
307,"Downtown Boston, Boston","$2,951"
308,Reading,"$2,400"
309,"Weymouth Landing, Braintree Town","$2,025"
310,"Neighborhood Nine, Cambridge","$2,270"
311,"Columbia Point, Dorchester, Boston","$3,220"
312,"Shakerhill, Woburn","$1,545"
313,"Central Maverick Square - Paris Street, East Boston, Boston","$2,035"
314,"Downtown Boston, Boston","$3,545"
315,"Columbus, South End, Boston","$2,900"
316,Natick,"$2,927"
317,"Kenmore, Fenway - Kenmore - Audubon Circle - Longwood, Boston","$2,090"
318,"Powder House, Somerville","$2,405"
319,"Powder House, Somerville","$2,790"
320,"Columbia Point, Dorchester, Boston","$2,508"
321,Norwood,"$1,895"
322,"Columbus, South End, Boston","$2,900"
323,Natick,"$2,927"
324,"Neighborhood Nine, Cambridge","$1,950"
325,"Fenway, Fenway - Kenmore - Audubon Circle - Longwood, Boston","$3,571"
326,"Kenmore, Fenway - Kenmore - Audubon Circle - Longwood, Boston","$2,090"
327,"Metropolitan Hill - Beach Street, Roslindale, Boston","$2,185"
328,"North Cambridge, Cambridge","$1,975"
329,"Cambridgeport, Cambridge","$2,050"
330,"Mission Hill, Boston","$2,950"
331,"East Cambridge, Cambridge","$4,200"
332,"Oak Square, Brighton, Boston","$4,200"
333,"Oak Square, Brighton, Boston","$2,625"
334,"Commonwealth, Brighton, Boston","$3,500"
335,"Allston, Boston","$4,800"
336,"Aggasiz - Harvard University, Cambridge","$3,200"
337,"Bank Square, Waltham","$2,470"
338,"East Watertown, Watertown","$2,200"
339,"Oak Square, Brighton, Boston","$2,300"
340,"Oak Square, Brighton, Boston","$2,600"
341,"Kenmore, Fenway - Kenmore - Audubon Circle - Longwood, Boston","$2,090"
342,Norwood,"$2,500"
343,Natick,"$2,328"
344,"Columbia Point, Dorchester, Boston","$2,544"
345,Dracut,"$1,425"
346,"Newton Corner, Newton","$3,500"
347,"Bank Square, Waltham","$2,700"
348,"Brattle, Arlington","$4,995"
349,"Financial District, Downtown Boston, Boston","$6,200"
350,"Ward Two, Somerville","$2,700"
351,"Commonwealth, Brighton, Boston","$4,500"
352,"Commonwealth, Brighton, Boston","$2,625"
353,"North Allston, Allston, Boston","$2,700"
354,"Allston, Boston","$4,600"
355,"Jamaica Central - South Sumner, Jamaica Plain, Boston","$2,875"
356,"North Allston, Allston, Boston","$2,425"
357,"Allston, Boston","$6,000"
358,"Brookline Village, Brookline","$4,000"
359,"Mission Hill, Boston","$3,900"
360,"Jeffries Point - Airport, East Boston, Boston","$3,000"
361,Billerica,"$1,595"
362,Natick,"$2,328"
363,"Columbia Point, Dorchester, Boston","$2,544"
364,Dracut,"$1,425"
365,"Columbia Point, Dorchester, Boston","$3,750"
366,"Commonwealth, Brighton, Boston","$1,850"
367,"Allston, Boston","$6,500"
368,"Commonwealth, Brighton, Boston","$4,800"
369,"Commonwealth, Brighton, Boston","$3,275"
370,"Waterfront, North End, Boston","$3,600"
371,"Arlington Center, Arlington","$2,994"
372,"St. Elizabeth's, Brighton, Boston","$3,800"
373,"Cambridgeport, Cambridge","$3,600"
374,"Coolidge Corner, Brookline","$4,500"
375,"Allston, Boston","$6,000"
376,"Oak Square, Brighton, Boston","$4,500"
377,"Kenmore, Fenway - Kenmore - Audubon Circle - Longwood, Boston","$2,675"
378,"Cambridge Highlands, Cambridge","$3,270"
379,"D Street - West Broadway, South Boston, Boston","$6,999"
380,"Columbia Point, Dorchester, Boston","$2,544"
381,"Beacon Hill, Boston","$3,275"
382,Dracut,"$1,425"
383,Randolph,"$1,275"
384,"North End, Boston","$3,050"
385,"South Salem, Salem","$1,400"
386,"Egleston Square, Jamaica Plain, Boston","$3,475"
387,"Allston, Boston","$3,700"
388,"Oak Square, Brighton, Boston","$2,695"
389,"Central Maverick Square - Paris Street, East Boston, Boston","$3,225"
390,"Mission Hill, Boston","$3,900"
391,"Coolidge Corner, Brookline","$3,750"
392,"Oak Square, Brighton, Boston","$2,850"
393,"Huron Village, West Cambridge, Cambridge","$3,400"
394,"Bank Square, Waltham","$3,500"
395,"Allston, Boston","$3,148"
396,"Central Maverick Square - Paris Street, East Boston, Boston","$3,200"
397,"Commonwealth, Brighton, Boston","$1,850"
398,"Oak Square, Brighton, Boston","$2,600"
399,"North Allston, Allston, Boston","$6,600"
400,"Jeffries Point - Airport, East Boston, Boston","$3,250"
401,Randolph,"$1,275"
402,"North End, Boston","$3,050"
403,"South Salem, Salem","$1,400"
404,"Ward Two, Somerville","$3,200"
405,"St. Elizabeth's, Brighton, Boston","$4,500"
406,"East Cambridge, Cambridge","$4,200"
407,"St. Elizabeth's, Brighton, Boston","$5,500"
408,"Allston, Boston","$3,000"
409,"North Allston, Allston, Boston","$3,400"
410,"Oak Square, Brighton, Boston","$4,800"
411,"Oak Square, Brighton, Boston","$3,300"
412,"Oak Square, Brighton, Boston","$2,400"
413,"St. Elizabeth's, Brighton, Boston","$2,800"
414,"Oak Square, Brighton, Boston","$3,150"
415,"Oak Square, Brighton, Boston","$3,300"
416,"Oak Square, Brighton, Boston","$2,900"
417,"Chinatown - Leather District, Boston","$4,100"
418,"Washington Square, Brookline","$3,900"
419,"Oak Square, Brighton, Boston","$4,800"
420,"Wellington Hill, Greater Mattapan, Boston","$2,600"
421,"North End, Boston","$3,050"
422,"South Salem, Salem","$1,400"
423,"Shawmut, South End, Boston","$3,264"
424,"North End, Boston","$3,750"
425,"Newton Corner, Newton","$2,950"
426,"Egleston Square, Jamaica Plain, Boston","$2,200"
427,"West End, Boston","$2,675"
428,"Washington Square, Brookline","$2,400"
429,"Washington Square, Brookline","$3,875"
430,"Oak Square, Brighton, Boston","$3,700"
431,"St. Elizabeth's, Brighton, Boston","$2,900"
432,"Mission Hill, Boston","$5,250"
433,"East Cambridge, Cambridge","$4,280"
434,"Commonwealth, Brighton, Boston","$4,800"
435,"Mission Hill, Boston","$5,650"
436,"Mission Hill, Boston","$3,600"
437,"Coolidge Corner, Brookline","$3,500"
438,"Jeffries Point - Airport, East Boston, Boston","$4,200"
439,"Brookline Village, Brookline","$2,800"
440,"Prudential - St. Botolph, Back Bay, Boston","$4,097"
441,"Shawmut, South End, Boston","$3,264"
442,Dracut,"$1,250"
443,"Commonwealth, Brighton, Boston","$3,250"
444,"Commonwealth, Brighton, Boston","$4,650"
445,"Mission Hill, Boston","$5,550"
446,"Bank Square, Waltham","$3,000"
447,"Nonantum, Newton","$2,500"
448,"Coolidge Corner, Brookline","$2,950"
449,"Oak Square, Brighton, Boston","$3,300"
450,"Jeffries Point - Airport, East Boston, Boston","$2,550"
451,"Oak Square, Brighton, Boston","$4,000"
452,"Oak Square, Brighton, Boston","$4,000"
453,"Back Bay East, Back Bay, Boston","$2,500"
454,"St. Marks, Dorchester, Boston","$3,500"
455,"Allston, Boston","$6,300"
456,"Meeting House Hill, Dorchester, Boston","$2,800"
457,"Bay Village, Boston","$5,000"
458,"St. Elizabeth's, Brighton, Boston","$5,600"
459,"Nonantum, Newton","$3,800"
460,"Beacon Hill, Boston","$2,400"
461,"Shawmut, South End, Boston","$3,264"
462,Dracut,"$1,250"
463,"West Fens, Fenway - Kenmore - Audubon Circle - Longwood, Boston","$2,750"
464,"Oak Square, Brighton, Boston","$2,900"
465,"North Allston, Allston, Boston","$2,650"
466,"Allston, Boston","$3,700"
467,"Allston, Boston","$3,000"
468,"West Newton, Waltham","$2,200"
469,"Coolidge Corner, Brookline","$2,295"
470,"Coolidge Corner, Brookline","$3,900"
471,"Beacon Hill, Boston","$3,000"
472,"Oak Square, Brighton, Boston","$3,700"
473,"East Cambridge, Cambridge","$6,600"
474,"Fenway, Fenway - Kenmore - Audubon Circle - Longwood, Boston","$5,400"
475,"Commonwealth, Brighton, Boston","$1,795"
476,"Oak Square, Brighton, Boston","$8,300"
477,"Allston, Boston","$2,295"
478,"Oak Square, Brighton, Boston","$3,250"
479,"City Point, South Boston, Boston","$3,968"
480,"Harvard Square, Cambridge","$6,500"
481,Dracut,"$1,250"
482,"North Allston, Allston, Boston","$2,680"
483,"Seaport District, D Street - West Broadway, South Boston, Boston","$4,368"
484,"Commonwealth, Brighton, Boston","$2,150"
485,"Commonwealth, Brighton, Boston","$5,200"
486,"Washington Square, Brookline","$3,400"
487,"Oak Square, Brighton, Boston","$3,500"
488,"Fenway, Fenway - Kenmore - Audubon Circle - Longwood, Boston","$2,000"
489,"St. Elizabeth's, Brighton, Boston","$2,400"
490,"North Allston, Allston, Boston","$5,400"
491,"Ten Hills, Somerville","$2,450"
492,"North Allston, Allston, Boston","$3,700"
493,"Fenway, Fenway - Kenmore - Audubon Circle - Longwood, Boston","$2,000"
494,"Fenway, Fenway - Kenmore - Audubon Circle - Longwood, Boston","$4,000"
495,"St. Elizabeth's, Brighton, Boston","$3,150"
496,"Commonwealth, Brighton, Boston","$4,200"
497,"Fenway, Fenway - Kenmore - Audubon Circle - Longwood, Boston","$4,522"
498,"Washington Square, Brookline","$2,400"
499,"Coolidge Corner, Brookline","$2,700"
500,"Coolidge Corner, Brookline","$4,500"
501,"North Allston, Allston, Boston","$2,680"
502,"Seaport District, D Street - West Broadway, South Boston, Boston","$4,368"
503,"Jeffries Point - Airport, East Boston, Boston","$2,475"
504,"Coolidge Corner, Brookline","$5,000"
505,"Waban, Newton","$2,800"
506,"Neighborhood Nine, Cambridge","$3,195"
507,"Beacon Hill, Boston","$2,200"
508,"Coolidge Corner, Brookline","$4,250"
509,"West Newton, Newton","$3,350"
510,"West Newton, Newton","$3,950"
511,"Oak Square, Brighton, Boston","$4,200"
512,"North Allston, Allston, Boston","$5,500"
513,"Fenway, Fenway - Kenmore - Audubon Circle - Longwood, Boston","$5,900"
514,"Oak Square, Brighton, Boston","$4,000"
515,"Nonantum, Newton","$2,750"
516,"Oak Square, Brighton, Boston","$3,500"
517,"Beacon Hill, Boston","$4,995"
518,"Oak Square, Brighton, Boston","$2,500"
519,"Coolidge Corner, Brookline","$2,550"
520,"Glenwood, Medford","$4,400"
521,"North Allston, Allston, Boston","$2,680"
522,"Seaport District, D Street - West Broadway, South Boston, Boston","$4,368"
523,"Downtown Boston, Boston","$3,289"
524,"Downtown Boston, Boston","$2,724"
525,"Downtown Boston, Boston","$3,100"
526,"Downtown Boston, Boston","$3,400"
527,"Downtown Boston, Boston","$4,525"
528,"North Allston, Allston, Boston","$2,380"
529,"Metropolitan Hill - Beach Street, Roslindale, Boston","$2,063"
530,"Arlington Center, Arlington","$2,500"
531,"Prudential - St. Botolph, Back Bay, Boston","$4,282"
532,"South Side, Waltham","$2,195"
533,"Coolidge Corner, Brookline","$7,500"
534,"Back Bay East, Back Bay, Boston","$2,800"
535,"North Cambridge, Cambridge","$2,495"
536,"Allston, Boston","$8,400"
537,"Commonwealth, Brighton, Boston","$4,300"
538,"Oak Square, Brighton, Boston","$1,900"
539,"St. Elizabeth's, Brighton, Boston","$6,000"
540,"Allston, Boston","$2,295"
541,"West Revere, Malden","$1,830"
542,"Downtown Boston, Boston","$3,289"
543,"Downtown Boston, Boston","$2,724"
544,"Downtown Boston, Boston","$3,100"
545,"Downtown Boston, Boston","$3,400"
546,"Downtown Boston, Boston","$4,525"
547,"Allston, Boston","$5,500"
548,"Cleveland Circle, Brookline","$4,200"
549,"Cleveland Circle, Brookline","$3,400"
550,"Commonwealth, Brighton, Boston","$1,995"
551,"Hyde Square, Jamaica Plain, Boston","$4,000"
552,"Coolidge Corner, Brookline","$8,800"
553,"Washington Square, Brookline","$4,400"
554,"Allston, Boston","$6,300"
555,"Beacon Hill, Boston","$2,350"
556,"Oak Square, Brighton, Boston","$2,350"
557,"Beacon Hill, Boston","$2,800"
558,"Mission Hill, Boston","$6,600"
559,"City Point, South Boston, Boston","$3,200"
560,"Allston, Boston","$1,875"
561,"West Revere, Malden","$1,830"
562,"Downtown Boston, Boston","$3,289"
563,"Downtown Boston, Boston","$2,724"
564,"Downtown Boston, Boston","$3,100"
565,"Downtown Boston, Boston","$3,400"
566,"Downtown Boston, Boston","$4,525"
567,"D Street - West Broadway, South Boston, Boston","$3,000"
568,"Hyde Square, Jamaica Plain, Boston","$3,500"
569,"Nonantum, Newton","$2,200"
570,"Allston, Boston","$6,000"
571,"North Allston, Allston, Boston","$5,595"
572,"Downtown Boston, Boston","$2,650"
573,"Oak Square, Brighton, Boston","$2,850"
574,"Mission Hill, Boston","$4,200"
575,"Oak Square, Brighton, Boston","$2,800"
576,"Coolidge Corner, Brookline","$2,975"
577,"Oak Square, Brighton, Boston","$2,700"
578,"Downtown Boston, Boston","$2,774"
579,"Downtown Boston, Boston","$5,925"
580,"Lower Roxbury, Roxbury, Boston","$3,650"
581,"Oak Square, Brighton, Boston","$3,400"
582,"Columbus, South End, Boston","$4,600"
583,"Newton Corner, Newton","$3,150"
584,"Columbus, South End, Boston","$4,800"
585,"Oak Square, Brighton, Boston","$3,800"
586,"Oak Square, Brighton, Boston","$3,200"
587,"Washington Square, Brookline","$2,300"
588,"East Somerville, Somerville","$2,200"
589,"Mission Hill, Boston","$3,999"
590,"Fenway, Fenway - Kenmore - Audubon Circle - Longwood, Boston","$2,900"
591,"Oak Square, Brighton, Boston","$2,975"
592,"Mission Hill, Boston","$2,150"
593,"Beacon Hill, Boston","$3,750"
594,"Oak Square, Brighton, Boston","$2,500"
595,"North End, Boston","$2,800"
596,"Jeffries Point - Airport, East Boston, Boston","$2,000"
597,"Oak Square, Brighton, Boston","$2,800"
598,"Allston, Boston","$4,000"
599,"North Cambridge, Cambridge","$3,000"
600,"Allston, Boston","$4,800"
601,"Columbus, South End, Boston","$4,600"
602,"Oak Square, Brighton, Boston","$2,350"
603,"Allston, Boston","$6,000"
604,"Allston, Boston","$5,200"
605,"Newtonville, Newton","$3,500"
606,"Oak Square, Brighton, Boston","$2,000"
607,"Prudential - St. Botolph, Back Bay, Boston","$6,900"
608,"Coolidge Corner, Brookline","$4,000"
609,"Washington Square, Brookline","$3,500"
610,"Mid-Cambridge, Cambridge","$2,450"
611,"Downtown Boston, Boston","$2,600"
612,"Oak Square, Brighton, Boston","$2,100"
613,"Jeffries Point - Airport, East Boston, Boston","$2,525"
614,"Fenway, Fenway - Kenmore - Audubon Circle - Longwood, Boston","$2,500"
615,"Area IV, Cambridge","$3,300"
616,"Lower Roxbury, Roxbury, Boston","$3,500"
617,"Oak Square, Brighton, Boston","$3,200"
618,"North Allston, Allston, Boston","$2,700"
619,"Thompsonville, Newton","$2,100"
620,"Oak Square, Brighton, Boston","$2,200"
621,"Columbus, South End, Boston","$4,600"
622,"North Allston, Allston, Boston","$2,800"
623,"Telegraph Hill, South Boston, Boston","$3,400"
624,"Downtown Boston, Boston","$2,800"
625,"Coolidge Corner, Brookline","$4,900"
626,"Central Maverick Square - Paris Street, East Boston, Boston","$2,900"
627,"Allston, Boston","$2,500"
628,"Allston, Boston","$3,300"
629,"Maplewood Highlands, Maplewood, Malden","$4,000"
630,"Fenway, Fenway - Kenmore - Audubon Circle - Longwood, Boston","$2,800"
631,"Oak Square, Brighton, Boston","$5,000"
632,"Oak Square, Brighton, Boston","$5,000"
633,"Fenway, Fenway - Kenmore - Audubon Circle - Longwood, Boston","$3,150"
634,"Oak Square, Brighton, Boston","$4,250"
635,"Columbia Point, Dorchester, Boston","$4,450"
636,"East Cambridge, Cambridge","$2,765"
637,"Mission Hill, Boston","$4,100"
638,"Powder House, Somerville","$2,350"
639,"Mid-Cambridge, Cambridge","$3,000"
640,"Coolidge Corner, Brookline","$6,600"
641,"East Cambridge, Cambridge","$2,979"
642,"East Cambridge, Cambridge","$4,295"
643,"Prudential - St. Botolph, Back Bay, Boston","$3,750"
644,"Medford Street - The Neck, Charlestown, Boston","$2,400"
645,"Commonwealth, Brighton, Boston","$3,200"
646,"North End, Boston","$2,650"
647,"Commonwealth, Brighton, Boston","$1,795"
648,"Bleachery, Waltham","$3,200"
649,"North Cambridge, Cambridge","$3,700"
650,"Forest Hills - Woodbourne, Jamaica Plain, Boston","$2,950"
651,"Mission Hill, Boston","$4,800"
652,"Fenway, Fenway - Kenmore - Audubon Circle - Longwood, Boston","$2,575"
653,"Nonantum, Newton","$2,900"
654,"Fenway, Fenway - Kenmore - Audubon Circle - Longwood, Boston","$3,900"
655,"Hyde Square, Jamaica Plain, Boston","$4,000"
656,"Allston, Boston","$1,900"
657,"Allston, Boston","$5,500"
658,"Porter Square, Cambridge","$3,400"
659,"Hyde Square, Jamaica Plain, Boston","$4,000"
660,"Oak Square, Brighton, Boston","$3,600"
661,"East Cambridge, Cambridge","$2,979"
662,"East Cambridge, Cambridge","$4,295"
663,"Downtown Boston, Boston","$2,639"
664,"Downtown Boston, Boston","$2,900"
665,"Downtown Boston, Boston","$6,025"
666,"D Street - West Broadway, South Boston, Boston","$3,150"
667,"Highland Park, Roxbury, Boston","$3,750"
668,"St. Elizabeth's, Brighton, Boston","$6,600"
669,"Oak Square, Brighton, Boston","$5,000"
670,"Commonwealth, Brighton, Boston","$1,825"
671,"East Watertown, Watertown","$2,750"
672,"Neighborhood Nine, Cambridge","$3,195"
673,"Mission Hill, Boston","$2,900"
674,"North Allston, Allston, Boston","$2,700"
675,"Commonwealth, Brighton, Boston","$2,225"
676,"Downtown Boston, Boston","$3,000"
677,"Egleston Square, Jamaica Plain, Boston","$3,475"
678,"Beacon Hill, Boston","$3,600"
679,"Cambridgeport, Cambridge","$3,888"
680,"St. Elizabeth's, Brighton, Boston","$2,295"
681,"East Cambridge, Cambridge","$2,979"
682,"East Cambridge, Cambridge","$4,295"
683,"Downtown Boston, Boston","$2,639"
684,"Downtown Boston, Boston","$2,900"
685,"Downtown Boston, Boston","$6,025"
686,"Columbus, South End, Boston","$3,000"
687,"Huron Village, West Cambridge, Cambridge","$2,920"
688,"North Allston, Allston, Boston","$2,800"
689,"North Allston, Allston, Boston","$4,630"
690,"Oak Square, Brighton, Boston","$3,300"
691,"Oak Square, Brighton, Boston","$2,500"
692,"North Allston, Allston, Boston","$3,900"
693,"East Watertown, Watertown","$2,100"
694,"Coolidge Corner, Brookline","$3,400"
695,"Oak Square, Brighton, Boston","$4,100"
696,"Kenmore, Fenway - Kenmore - Audubon Circle - Longwood, Boston","$6,004"
697,"D Street - West Broadway, South Boston, Boston","$2,600"
698,"Oak Square, Brighton, Boston","$2,750"
699,"Oak Square, Brighton, Boston","$2,900"
700,"Allston, Boston","$2,595"
701,"Lower Roxbury, Roxbury, Boston","$3,650"
702,"Downtown Boston, Boston","$2,639"
703,"Downtown Boston, Boston","$2,824"
704,"Downtown Boston, Boston","$2,900"
705,"Downtown Boston, Boston","$6,025"
706,"South Salem, Salem","$1,200"
707,"St. Elizabeth's, Brighton, Boston","$3,600"
708,"Commonwealth, Brighton, Boston","$1,950"
709,"Brookline Village, Brookline","$3,825"
710,"North Allston, Allston, Boston","$4,600"
711,"Jamaica Central - South Sumner, Jamaica Plain, Boston","$3,000"
712,"Coolidge Corner, Brookline","$5,500"
713,"Downtown Boston, Boston","$3,895"
714,"Downtown Boston, Boston","$3,149"
715,"Downtown Boston, Boston","$5,525"
716,"Downtown Boston, Boston","$5,675"
717,"Hyde Square, Jamaica Plain, Boston","$3,800"
718,"Washington Square, Brookline","$2,100"
719,"Oak Square, Brighton, Boston","$3,500"
720,"Lower Roxbury, Roxbury, Boston","$2,450"
721,"Prudential - St. Botolph, Back Bay, Boston","$6,495"
722,"South Salem, Salem","$1,200"
723,"Columbus, South End, Boston","$3,600"
724,"Commonwealth, Brighton, Boston","$3,500"
725,"Commonwealth, Brighton, Boston","$6,600"
726,"Allston, Boston","$4,600"
727,"Coolidge Corner, Brookline","$2,700"
728,"Oak Hill, Newton","$2,650"
729,"Mission Hill, Boston","$2,500"
730,"Highland Park, Roxbury, Boston","$5,600"
731,"Glenwood, Medford","$4,500"
732,"North Allston, Allston, Boston","$3,600"
733,"Central Maverick Square - Paris Street, East Boston, Boston","$3,800"
734,"Jamaica Hills - Pond, Jamaica Plain, Boston","$2,250"
735,"North Allston, Allston, Boston","$3,500"
736,"West Fens, Fenway - Kenmore - Audubon Circle - Longwood, Boston","$2,075"
737,"Prudential - St. Botolph, Back Bay, Boston","$3,300"
738,"Lower Roxbury, Roxbury, Boston","$6,400"
739,"Newton Corner, Watertown","$3,105"
740,"Mission Hill, Boston","$4,299"
741,"South Salem, Salem","$1,200"
742,"North End, Boston","$2,815"
743,"North End, Boston","$2,400"
744,"Allston, Boston","$7,000"
745,"Oak Square, Brighton, Boston","$3,300"
746,"Washington Park, Roxbury, Boston","$3,795"
747,"Kenmore, Fenway - Kenmore - Audubon Circle - Longwood, Boston","$3,600"
748,"Oak Square, Brighton, Boston","$4,100"
749,"North Allston, Allston, Boston","$2,350"
750,"Forest Hills - Woodbourne, Jamaica Plain, Boston","$3,050"
751,"Fenway, Fenway - Kenmore - Audubon Circle - Longwood, Boston","$2,400"
752,"Fenway, Fenway - Kenmore - Audubon Circle - Longwood, Boston","$2,855"
753,"West End, Boston","$3,835"
754,"Downtown Boston, Boston","$7,900"
755,"Newtonville, Newton","$3,500"
756,"Jeffries Point - Airport, East Boston, Boston","$2,800"
757,"Oak Square, Brighton, Boston","$2,800"
758,"Forest Hills - Woodbourne, Jamaica Plain, Boston","$3,400"
759,"Mid-Cambridge, Cambridge","$3,300"
760,"Beacon Hill, Boston","$2,275"
761,"North End, Boston","$2,815"
762,"North End, Boston","$2,400"
763,"Oak Square, Brighton, Boston","$3,100"
764,"Allston, Boston","$1,775"
765,"D Street - West Broadway, South Boston, Boston","$3,800"
766,"Oak Square, Brighton, Boston","$3,500"
767,"Wellington, Medford","$2,755"
768,"Fenway, Fenway - Kenmore - Audubon Circle - Longwood, Boston","$4,100"
769,"Allston, Boston","$3,515"
770,"Jamaica Central - South Sumner, Jamaica Plain, Boston","$2,295"
771,"Downtown Boston, Boston","$3,995"
772,"Beacon Hill, Boston","$3,500"
773,"Oak Square, Brighton, Boston","$2,500"
774,"Columbia Point, Dorchester, Boston","$3,000"
775,"Commonwealth, Brighton, Boston","$1,750"
776,"Fenway, Fenway - Kenmore - Audubon Circle - Longwood, Boston","$2,000"
777,"Commonwealth, Brighton, Boston","$2,995"
778,"North End, Boston","$2,800"
779,"Glenwood, Medford","$2,400"
780,"Beacon Hill, Boston","$2,250"
781,"North End, Boston","$2,815"
782,"North End, Boston","$2,400"
783,"Oak Square, Brighton, Boston","$3,100"
784,"Allston, Boston","$1,775"
785,"West End, Boston","$2,810"
786,"Belmont Center, Belmont","$2,950"
787,"Oak Square, Brighton, Boston","$2,700"
788,"Kenmore, Fenway - Kenmore - Audubon Circle - Longwood, Boston","$6,500"
789,"Egleston Square, Jamaica Plain, Boston","$2,400"
790,"Oak Square, Brighton, Boston","$2,300"
791,"Ward Two, Somerville","$3,125"
792,"North Cambridge, Cambridge","$4,700"
793,"Back Bay East, Back Bay, Boston","$3,200"
794,"Back Bay East, Back Bay, Boston","$4,700"
795,"Coolidge Corner, Brookline","$3,100"
796,"Oak Square, Brighton, Boston","$2,700"
797,"West Fens, Fenway - Kenmore - Audubon Circle - Longwood, Boston","$1,900"
798,"Mission Hill, Boston","$3,699"
799,"Oak Square, Brighton, Boston","$2,500"
800,"Oak Square, Brighton, Boston","$3,100"
801,"Allston, Boston","$1,775"
802,"Allston, Boston","$4,950"
803,"West End, Boston","$2,810"
804,"West End, Boston","$2,565"
805,"North Allston, Allston, Boston","$5,500"
806,"Cambridge Highlands, Cambridge","$2,400"
807,"Oak Square, Brighton, Boston","$2,500"
808,"Oak Square, Brighton, Boston","$4,800"
809,"Central Maverick Square - Paris Street, East Boston, Boston","$2,400"
810,"Back Bay East, Back Bay, Boston","$5,000"
811,"North Allston, Allston, Boston","$1,995"
812,"Bay Village, Boston","$2,400"
813,"Commonwealth, Brighton, Boston","$3,800"
814,"Cambridge Highlands, Cambridge","$2,500"
815,"Central Maverick Square - Paris Street, East Boston, Boston","$3,800"
816,"Commonwealth, Brighton, Boston","$2,000"
817,"Coolidge Corner, Brookline","$3,900"
818,"Central Maverick Square - Paris Street, East Boston, Boston","$3,000"
819,"Neighborhood Nine, Cambridge","$3,100"
820,"St. Elizabeth's, Brighton, Boston","$4,500"
821,"East Cambridge, Cambridge","$3,029"
822,"West End, Boston","$2,810"
823,"West End, Boston","$2,565"
824,"Downtown Boston, Boston","$4,195"
825,"North End, Boston","$2,600"
826,"Fenway, Fenway - Kenmore - Audubon Circle - Longwood, Boston","$5,200"
827,"South Side, Waltham","$2,700"
828,"Commonwealth, Brighton, Boston","$3,500"
829,"Coolidge Corner, Brookline","$2,900"
830,"Highland Park, Roxbury, Boston","$3,800"
831,"St. Elizabeth's, Brighton, Boston","$4,500"
832,"Coolidge Corner, Brookline","$3,015"
833,"Commonwealth, Brighton, Boston","$3,600"
834,"Kenmore, Fenway - Kenmore - Audubon Circle - Longwood, Boston","$3,300"
835,"Back Bay East, Back Bay, Boston","$3,000"
836,"St. Elizabeth's, Brighton, Boston","$3,100"
837,"Mission Hill, Boston","$4,200"
838,"North Allston, Allston, Boston","$7,500"
839,"Waverley Square, Belmont","$2,950"
840,"Oak Square, Brighton, Boston","$3,500"
841,"Downtown Boston, Boston","$2,924"
842,"Downtown Boston, Boston","$4,195"
843,"Downtown Boston, Boston","$3,749"
844,"Highland Park, Roxbury, Boston","$2,395"
845,"North End, Boston","$2,600"
846,Tewksbury,"$1,825"
847,"Cambridgeport, Cambridge","$3,000"
848,"Ten Hills, Somerville","$4,000"
849,"North Allston, Allston, Boston","$2,600"
850,"Coolidge Corner, Brookline","$2,500"
851,"Financial District, Downtown Boston, Boston","$4,375"
852,"Ward Two, Somerville","$3,050"
853,"Allston, Boston","$2,900"
854,"Fenway, Fenway - Kenmore - Audubon Circle - Longwood, Boston","$3,025"
855,"Fenway, Fenway - Kenmore - Audubon Circle - Longwood, Boston","$2,800"
856,"St. Elizabeth's, Brighton, Boston","$2,750"
857,"Brookline Village, Brookline","$3,825"
858,"Allston, Boston","$2,250"
859,"Fenway, Fenway - Kenmore - Audubon Circle - Longwood, Boston","$3,753"
860,"Downtown Boston, Boston","$3,849"
861,"North End, Boston","$2,300"
862,"Highland Park, Roxbury, Boston","$2,395"
863,"Oak Square, Brighton, Boston","$3,300"
864,"North End, Boston","$2,600"
865,Tewksbury,"$1,825"
866,"Central Maverick Square - Paris Street, East Boston, Boston","$2,700"
867,"Oak Square, Brighton, Boston","$2,850"
868,"North Allston, Allston, Boston","$4,350"
869,"Commonwealth, Brighton, Boston","$2,800"
870,"Neighborhood Nine, Cambridge","$2,490"
871,"North Allston, Allston, Boston","$5,500"
872,"Central Maverick Square - Paris Street, East Boston, Boston","$2,950"
873,"Jeffries Point - Airport, East Boston, Boston","$2,400"
874,"Mission Hill, Boston","$5,500"
875,"Medical Center Area, Fenway - Kenmore - Audubon Circle - Longwood, Boston","$2,700"
876,"Allston, Boston","$5,400"
877,"Fenway, Fenway - Kenmore - Audubon Circle - Longwood, Boston","$2,400"
878,"Oak Square, Brighton, Boston","$2,850"
879,"Oak Square, Brighton, Boston","$3,600"
880,Tewksbury,"$1,825"
881,"Oak Square, Brighton, Boston","$3,800"
882,"Central Maverick Square - Paris Street, East Boston, Boston","$2,700"
883,"Allston, Boston","$3,515"
884,"Downtown Boston, Boston","$5,018"
885,"Downtown Boston, Boston","$4,480"
886,"Hyde Square, Jamaica Plain, Boston","$3,500"
887,"Hyde Square, Jamaica Plain, Boston","$4,200"
888,"Davis Square, Somerville","$4,800"
889,"Coolidge Corner, Brookline","$4,500"
890,"Commonwealth, Brighton, Boston","$1,975"
891,"Mission Hill, Boston","$3,650"
892,"Allston, Boston","$3,800"
893,"Riverside, Cambridge","$2,945"
894,"Central Maverick Square - Paris Street, East Boston, Boston","$3,800"
895,"Oak Square, Brighton, Boston","$4,295"
896,"North Cambridge, Cambridge","$4,450"
897,"Downtown Boston, Boston","$2,650"
898,"North Allston, Allston, Boston","$3,500"
899,"East Watertown, Watertown","$2,500"
900,"West End, Boston","$5,025"
901,"Washington Park, Roxbury, Boston","$4,000"
902,"Allston, Boston","$3,515"
903,"Downtown Boston, Boston","$5,018"
904,"Downtown Boston, Boston","$4,480"
905,"Lower Roxbury, Roxbury, Boston","$4,500"
906,"Watertown West End, Watertown","$3,500"
907,"East Cambridge, Cambridge","$5,175"
908,"Fenway, Fenway - Kenmore - Audubon Circle - Longwood, Boston","$2,700"
909,"Mission Hill, Boston","$5,400"
910,"Hyde Square, Jamaica Plain, Boston","$4,600"
911,"Fenway, Fenway - Kenmore - Audubon Circle - Longwood, Boston","$4,950"
912,"Mission Hill, Boston","$3,100"
913,"Coolidge Corner, Brookline","$3,400"
914,"Mission Hill, Boston","$4,000"
915,"West Fens, Fenway - Kenmore - Audubon Circle - Longwood, Boston","$2,200"
916,"Coolidge Corner, Brookline","$3,900"
917,"Oak Square, Brighton, Boston","$5,000"
918,"Oak Square, Brighton, Boston","$2,350"
919,"Fenway, Fenway - Kenmore - Audubon Circle - Longwood, Boston","$2,500"
920,"Oak Square, Brighton, Boston","$4,000"
921,"Allston, Boston","$3,515"
922,"Downtown Boston, Boston","$5,018"
923,"Downtown Boston, Boston","$4,480"
924,"North End, Boston","$4,070"
925,"North End, Boston","$3,600"
926,"Kenmore, Fenway - Kenmore - Audubon Circle - Longwood, Boston","$3,900"
927,"Mission Hill, Boston","$2,557"
928,"Lower Roxbury, Roxbury, Boston","$4,250"
929,"Commonwealth, Brighton, Boston","$1,825"
930,"Oak Grove, Malden","$2,900"
931,"Oak Square, Brighton, Boston","$2,100"
932,"Oak Square, Brighton, Boston","$2,300"
933,"Fenway, Fenway - Kenmore - Audubon Circle - Longwood, Boston","$3,100"
934,"Oak Square, Brighton, Newton","$2,700"
935,"Commonwealth, Brighton, Boston","$3,400"
936,"North Allston, Allston, Boston","$4,900"
937,"Mid-Cambridge, Cambridge","$2,950"
938,"Fenway, Fenway - Kenmore - Audubon Circle - Longwood, Boston","$2,700"
939,"Beacon Hill, Boston","$3,000"
940,"Highland Park, Roxbury, Boston","$3,300"
941,"Mission Hill, Boston","$3,400"
942,"North End, Boston","$2,660"
943,"North End, Boston","$4,070"
944,"North End, Boston","$3,600"
945,"Kenmore, Fenway - Kenmore - Audubon Circle - Longwood, Boston","$3,900"
946,"South Side, Waltham","$2,195"
947,"St. Elizabeth's, Brighton, Boston","$2,750"
948,"Powder House, Somerville","$2,650"
949,"North Allston, Allston, Boston","$3,600"
950,"Commonwealth, Brighton, Boston","$2,950"
951,"Coolidge Corner, Brookline","$3,750"
952,"West Newton, Newton","$4,200"
953,"Newton Corner, Newton","$2,800"
954,"Washington Square, Brookline","$3,250"
955,"St. Elizabeth's, Brighton, Boston","$2,100"
956,"West Fens, Fenway - Kenmore - Audubon Circle - Longwood, Boston","$2,100"
957,"Oak Square, Brighton, Boston","$3,600"
958,"Washington Square, Brookline","$2,900"
959,"Harrison Lenox, South End, Boston","$2,750"
960,"Back Bay East, Back Bay, Boston","$4,100"
961,"North End, Boston","$2,660"
962,"North End, Boston","$2,940"
963,"North End, Boston","$4,070"
964,"North End, Boston","$3,600"
965,"Kenmore, Fenway - Kenmore - Audubon Circle - Longwood, Boston","$3,900"
966,"Coolidge Corner, Brookline","$3,300"
967,"Kenmore, Fenway - Kenmore - Audubon Circle - Longwood, Boston","$2,999"
968,"Cleveland Circle, Brookline","$5,500"
969,"Neighborhood Nine, Cambridge","$3,000"
970,"Commonwealth, Brighton, Boston","$4,650"
971,"Highland Park, Roxbury, Boston","$3,800"
972,"Ward Two, Somerville","$2,500"
973,"Fenway, Fenway - Kenmore - Audubon Circle - Longwood, Boston","$5,800"
974,"Mission Hill, Boston","$3,200"
975,"D Street - West Broadway, South Boston, Boston","$7,300"
976,"Newton Corner, Watertown","$2,000"
977,"Commonwealth, Brighton, Boston","$5,700"
978,"Eagle Hill, East Boston, Boston","$2,000"
979,"Coolidge Corner, Brookline","$6,300"
980,"Oak Square, Brighton, Boston","$2,500"
981,"East Cambridge, Cambridge","$2,892"
982,"Huron Village, West Cambridge, Cambridge","$2,900"
983,"Hyde Square, Jamaica Plain, Boston","$3,500"
984,"Kendall Square, Cambridge","$4,000"
985,"Allston, Boston","$3,700"
986,"Back Bay West, Back Bay, Boston","$3,100"
987,"Central Maverick Square - Paris Street, East Boston, Boston","$2,500"
988,"Oak Square, Brighton, Newton","$3,400"
989,"Fenway, Fenway - Kenmore - Audubon Circle - Longwood, Boston","$3,000"
990,"Oak Square, Brighton, Newton","$3,400"
991,"Mission Hill, Boston","$3,900"
992,"Cambridgeport, Cambridge","$2,999"
993,"St. Elizabeth's, Brighton, Boston","$2,900"
994,"Washington Square, Brookline","$2,100"
995,"Oak Square, Brighton, Boston","$3,600"
996,"Oak Square, Brighton, Boston","$3,800"
997,"Mission Hill, Boston","$3,900"
998,"Mission Hill, Boston","$2,650"
999,"Commonwealth, Brighton, Boston","$3,600"
1000,"Oak Square, Brighton, Boston","$1,700"
1001,"East Cambridge, Cambridge","$2,892"
1002,"Huron Village, West Cambridge, Cambridge","$2,900"
1003,"Hyde Square, Jamaica Plain, Boston","$3,500"
1004,"Kendall Square, Cambridge","$4,000"
1005,"Allston, Boston","$3,700"
1006,"Oak Square, Brighton, Boston","$2,700"
1007,"Allston, Boston","$5,200"
1008,"Commonwealth, Brighton, Boston","$3,295"
1009,"Eagle Hill, East Boston, Boston","$3,400"
1010,"Brookline Village, Brookline","$3,400"
1011,"Lower Roxbury, Roxbury, Boston","$3,800"
1012,"North Allston, Allston, Boston","$8,000"
1013,"Bay Village, Boston","$4,400"
1014,"East Cambridge, Cambridge","$3,734"
1015,"West End, Boston","$3,325"
1016,"Huron Village, West Cambridge, Cambridge","$2,994"
1017,"Coolidge Corner, Brookline","$2,425"
1018,"St. Elizabeth's, Brighton, Boston","$5,400"
1019,"St. Elizabeth's, Brighton, Boston","$2,250"
1020,"Oak Square, Brighton, Boston","$4,400"
1021,"Allston, Boston","$3,700"
1022,"Downtown Boston, Boston","$3,549"
1023,"Eagle Hill, East Boston, Boston","$3,400"
1024,"Eagle Hill, East Boston, Boston","$2,975"
1025,"Oak Square, Brighton, Boston","$3,200"
1026,"West Fens, Fenway - Kenmore - Audubon Circle - Longwood, Boston","$4,834"
1027,"North Allston, Allston, Boston","$3,200"
1028,"Allston, Boston","$4,000"
1029,"Beacon Hill, Boston","$3,500"
1030,"Washington Park, Roxbury, Boston","$2,650"
1031,"Kenmore, Fenway - Kenmore - Audubon Circle - Longwood, Boston","$2,700"
1032,"Newton Corner, Newton","$5,000"
1033,"Coolidge Corner, Brookline","$2,800"
1034,"Mission Hill, Boston","$4,600"
1035,"Coolidge Corner, Brookline","$3,900"
1036,"Kenmore, Fenway - Kenmore - Audubon Circle - Longwood, Boston","$3,150"
1037,"Mission Hill, Boston","$3,700"
1038,"Jamaica Central - South Sumner, Jamaica Plain, Boston","$2,250"
1039,"Oak Square, Brighton, Boston","$2,400"
1040,"Fenway, Fenway - Kenmore - Audubon Circle - Longwood, Boston","$2,100"
1041,"Downtown Boston, Boston","$3,090"
1042,"Downtown Boston, Boston","$3,549"
1043,"East Cambridge, Cambridge","$3,958"
1044,"North Cambridge, Cambridge","$3,175"
1045,"Commonwealth, Brighton, Boston","$4,600"
1046,"Washington Square, Brookline","$4,540"
1047,"Coolidge Corner, Brookline","$5,000"
1048,"St. Elizabeth's, Brighton, Boston","$2,175"
1049,"Allston, Boston","$6,000"
1050,"Allston, Boston","$3,600"
1051,"Commonwealth, Brighton, Boston","$2,500"
1052,"Allston, Boston","$3,700"
1053,"Allston, Boston","$4,300"
1054,"Mission Hill, Boston","$3,300"
1055,"North End, Boston","$2,400"
1056,"Coolidge Corner, Brookline","$4,995"
1057,"Coolidge Corner, Brookline","$4,920"
1058,"Mid-Cambridge, Cambridge","$3,100"
1059,"North End, Boston","$3,300"
1060,"Shawmut, South End, Boston","$4,100"
1061,"Oak Square, Brighton, Boston","$2,900"
1062,"West Fens, Fenway - Kenmore - Audubon Circle - Longwood, Boston","$5,211"
1063,"East Cambridge, Cambridge","$3,958"
1064,"Downtown Boston, Boston","$3,030"
1065,"Commonwealth, Brighton, Boston","$3,600"
1066,"Telegraph Hill, South Boston, Boston","$3,400"
1067,"Oak Square, Brighton, Boston","$4,000"
1068,"Oak Square, Brighton, Boston","$2,800"
1069,"Fenway, Fenway - Kenmore - Audubon Circle - Longwood, Boston","$2,000"
1070,"West Fens, Fenway - Kenmore - Audubon Circle - Longwood, Boston","$3,650"
1071,"North Allston, Allston, Boston","$4,600"
1072,"Downtown Boston, Boston","$1,900"
1073,"Coolidge Corner, Brookline","$4,500"
1074,"Powder House, Somerville","$3,900"
1075,"Oak Square, Brighton, Boston","$3,400"
1076,"Eagle Hill, East Boston, Boston","$3,200"
1077,"Ten Hills, Somerville","$3,400"
1078,"Hyde Square, Jamaica Plain, Boston","$4,500"
1079,"North Allston, Allston, Boston","$3,680"
1080,"Oak Square, Brighton, Boston","$2,400"
1081,"West Fens, Fenway - Kenmore - Audubon Circle - Longwood, Boston","$5,211"
1082,"East Cambridge, Cambridge","$3,958"
1083,"Downtown Boston, Boston","$3,030"
1084,"Downtown Boston, Boston","$4,720"
1085,"Chinatown - Leather District, Boston","$4,145"
1086,"Fenway, Fenway - Kenmore - Audubon Circle - Longwood, Boston","$2,800"
1087,"Jamaica Central - South Sumner, Jamaica Plain, Boston","$2,725"
1088,"Brookline Village, Brookline","$2,495"
1089,"St. Elizabeth's, Brighton, Boston","$1,795"
1090,"St. Elizabeth's, Brighton, Boston","$2,500"
1091,"Fenway, Fenway - Kenmore - Audubon Circle - Longwood, Boston","$2,000"
1092,"Hyde Square, Jamaica Plain, Boston","$4,600"
1093,"Commonwealth, Brighton, Boston","$4,500"
1094,"Commonwealth, Brighton, Boston","$2,650"
1095,"Commonwealth, Brighton, Boston","$6,500"
1096,"West Fens, Fenway - Kenmore - Audubon Circle - Longwood, Boston","$3,945"
1097,"West Fens, Fenway - Kenmore - Audubon Circle - Longwood, Boston","$2,150"
1098,"St. Elizabeth's, Brighton, Boston","$5,200"
1099,"St. Elizabeth's, Brighton, Boston","$5,200"
1100,"Oak Square, Brighton, Boston","$2,750"
1101,"Downtown Boston, Boston","$3,030"
1102,"Downtown Boston, Boston","$4,720"
1103,"Chinatown - Leather District, Boston","$4,145"
1104,"Fenway, Fenway - Kenmore - Audubon Circle - Longwood, Boston","$2,800"
1105,"Riverside, Cambridge","$5,199"
1106,"Newton Corner, Newton","$2,600"
1107,"Back Bay West, Back Bay, Boston","$2,600"
1108,"Ten Hills, Somerville","$3,399"
1109,"Prospect Hill, Somerville","$3,675"
1110,"Oak Square, Brighton, Boston","$2,450"
1111,"St. Elizabeth's, Brighton, Boston","$6,999"
1112,"Columbus, South End, Boston","$5,000"
1113,"Fenway, Fenway - Kenmore - Audubon Circle - Longwood, Boston","$3,500"
1114,"Jeffries Point - Airport, East Boston, Boston","$3,600"
1115,"Mid-Cambridge, Cambridge","$7,450"
1116,"Harbor View - Orient Heights, East Boston, Boston","$3,000"
1117,"Oak Square, Brighton, Boston","$1,800"
1118,"Commonwealth, Brighton, Boston","$2,700"
1119,"Jeffries Point - Airport, East Boston, Boston","$2,100"
1120,"Chinatown - Leather District, Boston","$4,145"
1121,"Fenway, Fenway - Kenmore - Audubon Circle - Longwood, Boston","$2,800"
1122,"Allston, Boston","$5,500"
1123,"Shawmut, South End, Boston","$3,100"
1124,"Oak Square, Brighton, Boston","$5,000"
1125,"Central Maverick Square - Paris Street, East Boston, Boston","$3,800"
1126,"Coolidge Corner, Brookline","$4,100"
1127,"Central Square, East Boston, Boston","$2,580"
1128,"Cochituate, Wayland","$2,895"
1129,"Neighborhood Nine, Cambridge","$2,875"
1130,"Commonwealth, Brighton, Boston","$3,000"
1131,"Lower Roxbury, Roxbury, Boston","$3,500"
1132,"Mission Hill, Boston","$3,400"
1133,"Mission Hill, Boston","$3,300"
1134,"St. Elizabeth's, Brighton, Boston","$2,200"
1135,"St. Elizabeth's, Brighton, Boston","$4,900"
1136,"Back Bay East, Back Bay, Boston","$4,300"
1137,"Coolidge Corner, Brookline","$3,375"
1138,"Coolidge Corner, Brookline","$5,700"
1139,"Oak Square, Brighton, Boston","$3,150"
1140,"Central Maverick Square - Paris Street, East Boston, Boston","$4,800"
1141,"North End, Boston","$4,610"
1142,"Shawmut, South End, Boston","$3,100"
1143,"North End, Boston","$7,500"
1144,"East Cambridge, Cambridge","$3,061"
1145,"West Fens, Fenway - Kenmore - Audubon Circle - Longwood, Boston","$2,350"
1146,"Downtown Melrose, Melrose","$1,395"
1147,"Commonwealth, Brighton, Boston","$3,800"
1148,"Commonwealth, Brighton, Boston","$2,500"
1149,"Oak Square, Brighton, Boston","$4,000"
1150,"Kenmore, Fenway - Kenmore - Audubon Circle - Longwood, Boston","$2,750"
1151,"Commonwealth, Brighton, Boston","$4,750"
1152,"Harvard Square, Cambridge","$3,300"
1153,"Prudential - St. Botolph, Back Bay, Boston","$3,800"
1154,"Commonwealth, Brighton, Boston","$3,500"
1155,"St. Elizabeth's, Brighton, Boston","$2,500"
1156,"Oak Square, Brighton, Boston","$2,800"
1157,"Back Bay West, Back Bay, Boston","$3,000"
1158,"Watertown West End, Watertown","$3,500"
1159,"Oak Square, Brighton, Boston","$3,900"
1160,"Commonwealth, Brighton, Boston","$2,425"
1161,"Shawmut, South End, Boston","$3,100"
1162,"North End, Boston","$7,500"
1163,"East Cambridge, Cambridge","$3,061"
1164,"Coolidge Corner, Brookline","$2,800"
1165,"Columbus Park - Andrew Square, South Boston, Boston","$3,000"
1166,"Commonwealth, Brighton, Boston","$4,800"
1167,"Oak Square, Brighton, Boston","$3,000"
1168,"Allston, Boston","$3,100"
1169,"North End, Boston","$3,900"
1170,"North End, Boston","$2,750"
1171,"Washington Square, Brookline","$4,800"
1172,"Jeffries Point - Airport, East Boston, Boston","$3,195"
1173,"Spring Hill, Somerville","$2,200"
1174,"Commonwealth, Brighton, Boston","$2,910"
1175,"Shawmut, South End, Boston","$4,449"
1176,"Beacon Hill, Boston","$3,000"
1177,"St. Elizabeth's, Brighton, Boston","$6,600"
1178,"Lower Roxbury, Roxbury, Boston","$2,600"
1179,"Allston, Boston","$1,900"
1180,"Beacon Hill, Boston","$3,800"
1181,"East Cambridge, Cambridge","$3,061"
1182,"Bay Village, Boston","$2,300"
1183,"St. Marks, Dorchester, Boston","$1,900"
1184,"Prudential - St. Botolph, Back Bay, Boston","$8,820"
1185,"Downtown Boston, Boston","$3,089"
1186,"Downtown Boston, Boston","$3,174"
1187,"Beacon Hill, Boston","$3,800"
1188,"Oak Square, Brighton, Boston","$3,800"
1189,"West Fens, Fenway - Kenmore - Audubon Circle - Longwood, Boston","$4,500"
1190,"Allston, Boston","$3,700"
1191,"Brookline Village, Brookline","$3,500"
1192,"Oak Square, Brighton, Boston","$4,650"
1193,"D Street - West Broadway, South Boston, Boston","$3,150"
1194,"Oak Square, Brighton, Boston","$3,000"
1195,"Lower Roxbury, Roxbury, Boston","$4,100"
1196,"Coolidge Corner, Brookline","$3,015"
1197,"North Allston, Allston, Boston","$2,400"
1198,"Oak Square, Brighton, Boston","$2,895"
1199,"Financial District, Downtown Boston, Boston","$5,300"
1200,"Oak Square, Brighton, Boston","$3,250"
1201,"St. Marks, Dorchester, Boston","$1,900"
1202,"Prudential - St. Botolph, Back Bay, Boston","$8,820"
1203,"Downtown Boston, Boston","$3,089"
1204,"Downtown Boston, Boston","$3,174"
1205,"Downtown Boston, Boston","$3,674"
1206,"North End, Boston","$3,150"
1207,"North End, Boston","$7,500"
1208,"Allston, Boston","$5,200"
1209,"Allston, Boston","$5,200"
1210,"North Allston, Allston, Boston","$5,595"
1211,"Back Bay East, Back Bay, Boston","$3,800"
1212,"Coolidge Corner, Brookline","$3,700"
1213,"Back Bay East, Back Bay, Boston","$2,450"
1214,"Porter Square, Cambridge","$2,400"
1215,"North End, Boston","$3,600"
1216,"Oak Square, Brighton, Boston","$2,900"
1217,"Watertown West End, Watertown","$2,200"
1218,"Highland Park, Roxbury, Boston","$4,000"
1219,"Allston, Boston","$10,900"
1220,"St. Marks, Dorchester, Boston","$1,900"
1221,"Oak Square, Brighton, Boston","$2,400"
1222,"Prudential - St. Botolph, Back Bay, Boston","$8,820"
1223,"Downtown Boston, Boston","$3,089"
1224,"Downtown Boston, Boston","$3,174"
1225,"Downtown Boston, Boston","$3,674"
1226,"North End, Boston","$3,150"
1227,"Downtown Boston, Boston","$3,545"
1228,"Downtown Medford, Medford","$1,700"
1229,"Commonwealth, Brighton, Boston","$1,950"
1230,"Allston, Boston","$6,000"
1231,"Harrison Lenox, South End, Boston","$2,400"
1232,"Coolidge Corner, Brookline","$3,015"
1233,"Mission Hill, Boston","$5,000"
1234,"South Side, Waltham","$3,500"
1235,"Allston, Boston","$3,800"
1236,"Washington Square, Brookline","$4,600"
1237,"West Fens, Fenway - Kenmore - Audubon Circle - Longwood, Boston","$2,700"
1238,"Oak Square, Brighton, Boston","$2,600"
1239,"Oak Square, Brighton, Boston","$2,500"
1240,"Downtown Boston, Boston","$4,095"
1241,"Downtown Boston, Boston","$5,245"
1242,"Downtown Boston, Boston","$3,249"
1243,"North End, Boston","$3,150"
1244,"Mid-Cambridge, Cambridge","$3,400"
1245,"Downtown Boston, Boston","$3,545"
1246,"Downtown Medford, Medford","$1,700"
1247,"Downtown Boston, Boston","$4,190"
1248,"North End, Boston","$3,700"
1249,"North End, Boston","$3,800"
1250,"Mid-Cambridge, Cambridge","$1,950"
1251,"Central Maverick Square - Paris Street, East Boston, Boston","$3,900"
1252,"Commonwealth, Brighton, Boston","$2,500"
1253,"Harbor View - Orient Heights, East Boston, Boston","$1,650"
1254,"Thompson Square - Bunker Hill, Charlestown, Boston","$3,000"
1255,"St. Elizabeth's, Brighton, Boston","$2,500"
1256,"Allston, Boston","$3,700"
1257,"Oak Hill, Newton","$7,500"
1258,"Oak Square, Brighton, Boston","$2,750"
1259,"Commonwealth, Brighton, Boston","$2,750"
1260,"Back Bay East, Back Bay, Boston","$3,595"
1261,"Downtown Boston, Boston","$3,545"
1262,"Downtown Boston, Boston","$4,530"
1263,"Fenway, Fenway - Kenmore - Audubon Circle - Longwood, Boston","$3,750"
1264,"Downtown Medford, Medford","$1,700"
1265,"Washington Park, Roxbury, Boston","$2,400"
1266,"Chinatown - Leather District, Boston","$4,070"
1267,"Downtown Boston, Boston","$2,405"
1268,"Downtown Boston, Boston","$3,740"
1269,"Mission Hill, Boston","$4,000"
1270,"Commonwealth, Brighton, Boston","$4,500"
1271,"North Cambridge, Cambridge","$2,200"
1272,"Oak Square, Brighton, Boston","$2,400"
1273,"Shawmut, South End, Boston","$4,250"
1274,"Lower Roxbury, Roxbury, Boston","$5,600"
1275,"Lower Roxbury, Roxbury, Boston","$3,000"
1276,"Coolidge Corner, Brookline","$3,900"
1277,"Hyde Square, Jamaica Plain, Boston","$2,800"
1278,"Idylwide, Lexington","$2,900"
1279,"Eagle Hill, East Boston, Boston","$2,600"
1280,"Columbus, South End, Boston","$3,100"
1281,"Washington Park, Roxbury, Boston","$2,400"
1282,"Chinatown - Leather District, Boston","$4,070"
1283,"Downtown Boston, Boston","$2,405"
1284,"Downtown Boston, Boston","$3,066"
1285,"Downtown Boston, Boston","$3,740"
1286,"Uphams Corner - Jones Hill, Dorchester, Boston","$2,700"
1287,"Commonwealth, Brighton, Boston","$2,200"
1288,"Oak Square, Brighton, Boston","$2,500"
1289,"Coolidge Corner, Brookline","$3,500"
1290,"Allston, Boston","$2,395"
1291,"Commonwealth, Brighton, Boston","$5,200"
1292,"Hyde Square, Jamaica Plain, Boston","$2,900"
1293,"North End, Boston","$3,400"
1294,"Jeffries Point - Airport, East Boston, Boston","$5,680"
1295,"Oak Square, Brighton, Boston","$3,000"
1296,"Oak Square, Brighton, Boston","$3,000"
1297,"Oak Square, Brighton, Boston","$2,840"
1298,"Mission Hill, Boston","$2,100"
1299,"Kenmore, Fenway - Kenmore - Audubon Circle - Longwood, Boston","$2,400"
1300,"Jeffries Point - Airport, East Boston, Boston","$2,100"
1301,"Washington Park, Roxbury, Boston","$2,400"
1302,"Chinatown - Leather District, Boston","$4,070"
1303,"Downtown Boston, Boston","$2,405"
1304,"Downtown Boston, Boston","$3,066"
1305,"Downtown Boston, Boston","$3,740"
1306,"Uphams Corner - Jones Hill, Dorchester, Boston","$2,700"
1307,"Mission Hill, Boston","$4,900"
1308,"Commonwealth, Brighton, Boston","$2,400"
1309,"Watertown West End, Watertown","$4,650"
1310,"Coolidge Corner, Brookline","$4,325"
1311,"Washington Square, Brookline","$6,500"
1312,"Oak Square, Brighton, Boston","$3,950"
1313,"Oak Square, Brighton, Boston","$2,800"
1314,"Downtown Boston, Boston","$2,625"
1315,"Downtown Boston, Boston","$4,189"
1316,"Downtown Boston, Boston","$2,650"
1317,"Washington Square, Brookline","$2,500"
1318,"Lower Roxbury, Roxbury, Boston","$3,300"
1319,"Mid-Cambridge, Cambridge","$3,975"
1320,"Shawmut, South End, Boston","$4,250"
1321,"Fenway, Fenway - Kenmore - Audubon Circle - Longwood, Boston","$1,950"
1322,"Shawmut, South End, Boston","$3,200"
1323,"Uphams Corner - Jones Hill, Dorchester, Boston","$2,700"
1324,"Oak Square, Brighton, Boston","$2,050"
1325,"St. Elizabeth's, Brighton, Boston","$5,500"
1326,"Jeffries Point - Airport, East Boston, Boston","$2,600"
1327,"Downtown Boston, Boston","$3,375"
1328,"West Fens, Fenway - Kenmore - Audubon Circle - Longwood, Boston","$3,200"
1329,"City Point, South Boston, Boston","$4,099"
1330,"Commonwealth, Brighton, Boston","$2,950"
1331,"Oak Square, Brighton, Boston","$2,295"
1332,"Kenmore, Fenway - Kenmore - Audubon Circle - Longwood, Boston","$3,200"
1333,"Coolidge Corner, Brookline","$5,200"
1334,"Jamaica Central - South Sumner, Jamaica Plain, Boston","$2,095"
1335,"Coolidge Corner, Brookline","$6,200"
1336,"Commonwealth, Brighton, Boston","$2,910"
1337,"Oak Square, Brighton, Boston","$2,750"
1338,"Oak Square, Brighton, Boston","$2,600"
1339,"Waverley Square, Belmont","$2,250"
1340,"Prudential - St. Botolph, Back Bay, Boston","$3,400"
1341,"North Cambridge, Cambridge","$3,900"
1342,"Oak Square, Brighton, Boston","$2,050"
1343,"Commonwealth, Brighton, Boston","$2,095"
1344,"Lower Roxbury, Roxbury, Boston","$3,500"
1345,"Kenmore, Fenway - Kenmore - Audubon Circle - Longwood, Boston","$2,600"
1346,"Allston, Boston","$1,850"
1347,"Oak Square, Brighton, Boston","$3,600"
1348,"Commonwealth, Brighton, Boston","$2,250"
1349,"Downtown Boston, Boston","$3,350"
1350,"Oak Square, Brighton, Boston","$2,100"
1351,"Mission Hill, Boston","$2,675"
1352,"Washington Square, Brookline","$3,100"
1353,"Oak Square, Brighton, Boston","$3,000"
1354,"Thompson Square - Bunker Hill, Charlestown, Boston","$3,000"
1355,"Allston, Boston","$4,950"
1356,"Allston, Boston","$3,600"
1357,"Back Bay West, Back Bay, Boston","$3,000"
1358,"Oak Square, Brighton, Boston","$2,850"
1359,"Oak Square, Brighton, Boston","$2,650"
1360,"Mission Hill, Boston","$3,700"
1361,"North Cambridge, Cambridge","$3,900"
1362,"Oak Square, Brighton, Boston","$2,050"
1363,"North End, Boston","$2,050"
1364,"Allston, Boston","$3,850"
1365,"North End, Boston","$4,200"
1366,"North End, Boston","$2,600"
1367,"Ward Two, Somerville","$3,200"
1368,"North Allston, Allston, Boston","$3,950"
1369,"Back Bay East, Back Bay, Boston","$8,500"
1370,"North Allston, Allston, Boston","$3,500"
1371,"West End, Boston","$2,600"
1372,"Brookline Village, Brookline","$3,825"
1373,"D Street - West Broadway, South Boston, Boston","$3,000"
1374,"Commonwealth, Brighton, Boston","$2,250"
1375,"Waban, Newton","$2,400"
1376,"Maplewood Highlands, Maplewood, Malden","$4,000"
1377,"West Fens, Fenway - Kenmore - Audubon Circle - Longwood, Boston","$2,400"
1378,"Egleston Square, Jamaica Plain, Boston","$2,495"
1379,"Allston, Boston","$1,900"
1380,"Coolidge Corner, Brookline","$3,225"
1381,"East Cambridge, Cambridge","$4,117"
1382,"North End, Boston","$2,050"
1383,"Hyde Square, Jamaica Plain, Boston","$3,300"
1384,"Downtown Boston, Boston","$3,574"
1385,"Arlington Center, Arlington","$3,300"
1386,"Oak Square, Brighton, Boston","$3,800"
1387,"Kenmore, Fenway - Kenmore - Audubon Circle - Longwood, Boston","$3,350"
1388,"Mission Hill, Boston","$4,700"
1389,"Central Maverick Square - Paris Street, East Boston, Boston","$2,350"
1390,"Eagle Hill, East Boston, Boston","$1,950"
1391,"North Allston, Allston, Boston","$2,625"
1392,"Newton Corner, Watertown","$2,500"
1393,"Beacon Hill, Boston","$4,000"
1394,"Commonwealth, Brighton, Boston","$2,550"
1395,"Hyde Square, Jamaica Plain, Boston","$3,300"
1396,"Jamaica Central - South Sumner, Jamaica Plain, Boston","$4,000"
1397,"Oak Square, Brighton, Boston","$2,850"
1398,"North End, Boston","$7,000"
1399,"Jamaica Central - South Sumner, Jamaica Plain, Boston","$2,295"
1400,"Nonantum, Newton","$2,800"
1401,"East Cambridge, Cambridge","$4,117"
1402,"North End, Boston","$2,050"
1403,"Hyde Square, Jamaica Plain, Boston","$3,300"
1404,"Downtown Boston, Boston","$3,574"
1405,"Allston, Boston","$5,115"
1406,"Lower Roxbury, Roxbury, Boston","$2,400"
1407,"Lower Roxbury, Roxbury, Boston","$3,000"
1408,"North Allston, Allston, Boston","$2,125"
1409,"Addison - Orange, Chelsea","$2,100"
1410,"North End, Boston","$3,700"
1411,"Ward Two, Somerville","$2,400"
1412,"Prudential - St. Botolph, Back Bay, Boston","$6,440"
1413,"Allston, Boston","$4,800"
1414,"North Allston, Allston, Boston","$2,195"
1415,"Mission Hill, Boston","$3,245"
1416,"Fenway, Fenway - Kenmore - Audubon Circle - Longwood, Boston","$1,900"
1417,"Jamaica Central - South Sumner, Jamaica Plain, Boston","$2,295"
1418,"Commonwealth, Brighton, Boston","$3,600"
1419,"Allston, Boston","$4,000"
1420,"Allston, Boston","$3,300"
1421,"Hyde Square, Jamaica Plain, Boston","$3,300"
1422,"Downtown Boston, Boston","$3,574"
1423,"Downtown Boston, Boston","$4,845"
1424,"Coolidge Corner, Brookline","$2,600"
1425,"Commonwealth, Brighton, Boston","$4,100"
1426,"St. Elizabeth's, Brighton, Boston","$1,875"
1427,"Allston, Boston","$2,300"
1428,"St. Elizabeth's, Brighton, Boston","$3,000"
1429,"Allston, Boston","$6,000"
1430,"Oak Square, Brighton, Boston","$4,250"
1431,"Highland Park, Roxbury, Boston","$2,950"
1432,"Allston, Boston","$2,200"
1433,"Coolidge Corner, Brookline","$7,800"
1434,"North Allston, Allston, Boston","$3,200"
1435,"Magoun Square, Somerville","$3,950"
1436,"Powder House, Somerville","$3,750"
1437,"West End, Boston","$3,550"
1438,"Commonwealth, Brighton, Boston","$4,300"
1439,"St. Elizabeth's, Brighton, Boston","$2,700"
1440,"Mission Hill, Boston","$4,200"
1441,"Allston, Boston","$2,295"
1442,"Mission Hill, Boston","$2,295"
1443,"Fenway, Fenway - Kenmore - Audubon Circle - Longwood, Boston","$2,800"
1444,"Mission Hill, Boston","$1,845"
1445,"Shawmut, South End, Boston","$4,400"
1446,"Spring Hill, Somerville","$3,550"
1447,"Mid-Cambridge, Cambridge","$7,450"
1448,"Washington Square, Boston","$2,400"
1449,"Oak Square, Brighton, Boston","$3,600"
1450,"Oak Square, Brighton, Boston","$3,400"
1451,"St. Elizabeth's, Brighton, Boston","$3,000"
1452,"Magoun Square, Somerville","$2,600"
1453,"Medical Center Area, Fenway - Kenmore - Audubon Circle - Longwood, Boston","$2,700"
1454,"Commonwealth, Brighton, Boston","$3,700"
1455,"Nonantum, Newton","$2,500"
1456,"Mission Hill, Boston","$4,600"
1457,"Oak Square, Brighton, Boston","$3,000"
1458,"Lower Roxbury, Roxbury, Boston","$4,500"
1459,"Aggasiz - Harvard University, Cambridge","$4,400"
1460,"Allston, Boston","$3,895"
1461,"Kenmore, Fenway - Kenmore - Audubon Circle - Longwood, Boston","$5,046"
1462,"Downtown Boston, Boston","$3,655"
1463,"Commonwealth, Brighton, Boston","$5,000"
1464,"Central Maverick Square - Paris Street, East Boston, Boston","$3,900"
1465,"St. Elizabeth's, Brighton, Boston","$3,350"
1466,"Mid-Cambridge, Cambridge","$3,899"
1467,"Waban, Newton","$6,000"
1468,"Columbus, South End, Boston","$4,900"
1469,"East Cambridge, Cambridge","$2,525"
1470,"Allston, Boston","$2,900"
1471,"Washington Square, Brookline","$5,250"
1472,"St. Elizabeth's, Brighton, Boston","$2,150"
1473,"Downtown Boston, Boston","$2,200"
1474,"Commonwealth, Brighton, Boston","$4,650"
1475,"Idylwide, Lexington","$2,900"
1476,"Fenway, Fenway - Kenmore - Audubon Circle - Longwood, Boston","$3,000"
1477,"Thompson Square - Bunker Hill, Charlestown, Boston","$3,754"
1478,"Commonwealth, Brighton, Boston","$2,250"
1479,"Commonwealth, Brighton, Boston","$1,850"
1480,"Columbus, South End, Boston","$3,600"
1481,"Downtown Boston, Boston","$4,089"
1482,"Chinatown - Leather District, Boston","$4,585"
1483,"Jeffries Point - Airport, East Boston, Boston","$3,600"
1484,"Highland Park, Roxbury, Boston","$2,700"
1485,"Allston, Boston","$4,800"
1486,"Allston, Boston","$5,500"
1487,"Commonwealth, Brighton, Boston","$4,600"
1488,"Allston, Boston","$4,800"
1489,"St. Elizabeth's, Brighton, Boston","$5,600"
1490,"Commonwealth, Brighton, Boston","$2,200"
1491,"Oak Square, Brighton, Boston","$5,000"
1492,"Magoun Square, Somerville","$4,000"
1493,"Thompsonville, Newton","$4,125"
1494,"Coolidge Corner, Brookline","$2,250"
1495,"Mission Hill, Boston","$5,000"
1496,"Oak Square, Brighton, Boston","$3,400"
1497,"D Street - West Broadway, South Boston, Boston","$2,950"
1498,"Coolidge Corner, Brookline","$7,800"
1499,"Commonwealth, Brighton, Boston","$2,100"
1500,"Oak Square, Brighton, Boston","$2,500"
1501,"Downtown Boston, Boston","$4,089"
1502,"Chinatown - Leather District, Boston","$4,585"
1503,"Downtown Boston, Boston","$5,221"
1504,"Downtown Boston, Boston","$4,076"
1505,"East Somerville, Somerville","$3,475"
1506,"Beacon Hill, Boston","$4,400"
1507,"Central Square, East Boston, Boston","$4,855"
1508,"Central Square, East Boston, Boston","$3,493"
1509,"Addison - Orange, Chelsea","$2,975"
1510,"Ten Hills, Somerville","$4,000"
1511,"St. Elizabeth's, Brighton, Boston","$1,895"
1512,"Shawmut, South End, Boston","$3,275"
1513,"Nonantum, Newton","$1,850"
1514,"Oak Square, Brighton, Boston","$5,500"
1515,"St. Elizabeth's, Brighton, Boston","$3,000"
1516,"Oak Square, Brighton, Boston","$2,800"
1517,"Commonwealth, Brighton, Boston","$2,150"
1518,"Neighborhood Nine, Cambridge","$2,600"
1519,"Fenway, Fenway - Kenmore - Audubon Circle - Longwood, Boston","$4,300"
1520,"Coolidge Corner, Brookline","$4,900"
1521,"Downtown Boston, Boston","$4,089"
1522,"Chinatown - Leather District, Boston","$4,585"
1523,"Downtown Boston, Boston","$5,221"
1524,"Downtown Boston, Boston","$4,076"
1525,"Arlington Center, Arlington","$2,500"
1526,"Oak Square, Brighton, Boston","$2,800"
1527,"Fenway, Fenway - Kenmore - Audubon Circle - Longwood, Boston","$4,300"
1528,"Mission Hill, Boston","$4,900"
1529,"North Cambridge, Cambridge","$3,700"
1530,"North Cambridge, Cambridge","$3,500"
1531,"Back Bay East, Back Bay, Boston","$3,500"
1532,"Coolidge Corner, Brookline","$6,700"
1533,"Jamaica Central - South Sumner, Jamaica Plain, Boston","$2,175"
1534,"Jamaica Central - South Sumner, Jamaica Plain, Boston","$2,095"
1535,"Back Bay West, Back Bay, Boston","$4,200"
1536,"D Street - West Broadway, South Boston, Boston","$2,600"
1537,"Oak Square, Brighton, Boston","$2,550"
1538,"Mission Hill, Boston","$4,500"
1539,"Coolidge Corner, Brookline","$4,900"
1540,"Downtown Boston, Boston","$5,221"
1541,"Downtown Boston, Boston","$3,200"
1542,"Chinatown - Leather District, Boston","$4,475"
1543,"Downtown Boston, Boston","$4,076"
1544,"Allston, Boston","$7,400"
1545,Billerica,"$1,673"
1546,"Ward Two, Somerville","$4,000"
1547,"Commonwealth, Brighton, Boston","$2,200"
1548,"Watertown West End, Watertown","$2,050"
1549,"Mission Hill, Boston","$3,350"
1550,"North Allston, Allston, Boston","$2,750"
1551,"Oak Square, Brighton, Boston","$4,850"
1552,"Coolidge Corner, Brookline","$3,800"
1553,"Oak Square, Brighton, Boston","$5,400"
1554,"Commonwealth, Brighton, Boston","$2,450"
1555,"Fenway, Fenway - Kenmore - Audubon Circle - Longwood, Boston","$4,200"
1556,"Downtown Boston, Boston","$3,400"
1557,"Mission Hill, Boston","$3,800"
1558,"Hyde Square, Jamaica Plain, Boston","$3,600"
1559,"North Allston, Allston, Boston","$1,995"
1560,"Allston, Boston","$2,200"
1561,Billerica,"$1,673"
1562,"North End, Boston","$3,020"
1563,"North End, Boston","$2,800"
1564,"Mission Hill, Boston","$1,950"
1565,"Mission Hill, Boston","$4,700"
1566,"St. Elizabeth's, Brighton, Boston","$2,500"
1567,"Mid-Cambridge, Cambridge","$2,400"
1568,"East Watertown, Watertown","$4,600"
1569,"Ward Two, Somerville","$3,695"
1570,"Bay Village, Boston","$4,400"
1571,"Oak Square, Brighton, Boston","$2,750"
1572,"Beacon Hill, Boston","$2,700"
1573,"St. Elizabeth's, Brighton, Boston","$1,895"
1574,"Coolidge Corner, Brookline","$4,700"
1575,"Oak Square, Brighton, Boston","$2,900"
1576,"Back Bay West, Back Bay, Boston","$3,850"
1577,"Oak Square, Brighton, Boston","$2,000"
1578,"D Street - West Broadway, South Boston, Boston","$3,900"
1579,"Coolidge Corner, Brookline","$4,900"
1580,"Oak Square, Brighton, Boston","$4,000"
1581,Billerica,"$1,673"
1582,"North End, Boston","$3,020"
1583,"North End, Boston","$2,800"
1584,"Coolidge Corner, Brookline","$4,600"
1585,"Watertown West End, Watertown","$3,800"
1586,"Commonwealth, Brighton, Boston","$4,500"
1587,"Coolidge Corner, Brookline","$5,200"
1588,"Powder House, Somerville","$1,700"
1589,"Brookline Village, Brookline","$4,075"
1590,"Oak Square, Brighton, Boston","$3,250"
1591,"Beacon Hill, Boston","$5,500"
1592,"Commonwealth, Brighton, Boston","$6,600"
1593,"Lower Roxbury, Roxbury, Boston","$3,500"
1594,"Coolidge Corner, Brookline","$6,700"
1595,"Jeffries Point - Airport, East Boston, Boston","$2,850"
1596,"Newton Corner, Watertown","$3,000"
1597,"Oak Square, Brighton, Boston","$2,400"
1598,"Oak Square, Brighton, Boston","$2,700"
1599,"Aggasiz - Harvard University, Cambridge","$2,735"
1600,"Oak Square, Brighton, Boston","$3,200"
1601,"North Cambridge, Cambridge","$2,835"
1602,"Beacon Hill, Boston","$3,700"
1603,"Mission Hill, Boston","$2,450"
1604,"Downtown Boston, Boston","$2,970"
1605,"Downtown Boston, Boston","$3,750"
1606,"Watertown West End, Watertown","$3,200"
1607,"Oak Square, Brighton, Boston","$2,650"
1608,"Oak Square, Brighton, Boston","$3,000"
1609,"Oak Square, Brighton, Boston","$2,650"
1610,"Oak Square, Brighton, Boston","$2,700"
1611,"Back Bay East, Back Bay, Boston","$3,700"
1612,"Egleston Square, Jamaica Plain, Boston","$3,195"
1613,"Mission Hill, Boston","$3,200"
1614,"St. Elizabeth's, Brighton, Boston","$1,875"
1615,"Hyde Square, Jamaica Plain, Boston","$4,600"
1616,"Mid-Cambridge, Cambridge","$2,100"
1617,"Coolidge Corner, Brookline","$4,700"
1618,"Ten Hills, Somerville","$2,200"
1619,"Oak Square, Brighton, Boston","$5,800"
1620,"St. Elizabeth's, Brighton, Boston","$2,850"
1621,"North Cambridge, Cambridge","$2,835"
1622,"Beacon Hill, Boston","$3,700"
1623,"Mission Hill, Boston","$2,450"
1624,"Downtown Boston, Boston","$2,970"
1625,"Downtown Boston, Boston","$3,750"
1626,"Mission Hill, Boston","$4,200"
1627,"Egleston Square, Jamaica Plain, Boston","$3,450"
1628,"Spring Hill, Somerville","$2,450"
1629,"Beacon Hill, Boston","$5,000"
1630,"Commonwealth, Brighton, Boston","$3,750"
1631,"Allston, Boston","$3,600"
1632,"Beacon Hill, Boston","$3,200"
1633,"West Somerville, Somerville","$2,175"
1634,"North Cambridge, Cambridge","$3,000"
1635,"Allston, Boston","$4,950"
1636,"Area IV, Cambridge","$4,900"
1637,"Washington Park, Roxbury, Boston","$2,650"
1638,"North End, Boston","$3,700"
1639,"Oak Square, Brighton, Boston","$3,000"
1640,"North Allston, Allston, Boston","$3,500"
1641,"Beacon Hill, Boston","$3,700"
1642,"Mission Hill, Boston","$2,450"
1643,"Downtown Boston, Boston","$2,970"
1644,"Downtown Boston, Boston","$3,750"
1645,"Mission Hill, Boston","$4,200"
1646,"Egleston Square, Jamaica Plain, Boston","$3,450"
1647,"St. Elizabeth's, Brighton, Boston","$2,525"
1648,"Allston, Boston","$6,000"
1649,"Coolidge Corner, Boston","$1,825"
1650,"Commonwealth, Brighton, Boston","$4,400"
1651,"Allston, Boston","$6,000"
1652,"Prudential - St. Botolph, Back Bay, Boston","$5,935"
1653,"Chinatown - Leather District, Boston","$3,023"
1654,"Inman Square, Cambridge","$5,200"
1655,"Allston, Boston","$2,700"
1656,"Allston, Boston","$4,200"
1657,"Fenway, Fenway - Kenmore - Audubon Circle - Longwood, Boston","$3,300"
1658,"St. Elizabeth's, Brighton, Boston","$4,100"
1659,"Prudential - St. Botolph, Back Bay, Boston","$4,900"
1660,"Mission Hill, Boston","$4,200"
1661,"Eagle Hill, East Boston, Boston","$2,900"
1662,"Mission Hill, Boston","$2,595"
1663,"Egleston Square, Jamaica Plain, Boston","$3,450"
1664,"Fenway, Fenway - Kenmore - Audubon Circle - Longwood, Boston","$2,800"
1665,"Chinatown - Leather District, Boston","$2,175"
1666,"West Fens, Fenway - Kenmore - Audubon Circle - Longwood, Boston","$2,900"
1667,"Spring Hill, Somerville","$3,600"
1668,"Egleston Square, Jamaica Plain, Boston","$3,250"
1669,"Coolidge Corner, Brookline","$3,075"
1670,"Commonwealth, Brighton, Boston","$4,500"
1671,"Oak Square, Brighton, Boston","$3,200"
1672,"Inman Square, Cambridge","$4,399"
1673,"Oak Square, Brighton, Boston","$2,650"
1674,"St. Elizabeth's, Brighton, Boston","$2,400"
1675,"Coolidge Corner, Brookline","$3,900"
1676,"Commonwealth, Brighton, Boston","$1,825"
1677,"West Fens, Fenway - Kenmore - Audubon Circle - Longwood, Boston","$2,250"
1678,"Mission Hill, Boston","$3,300"
1679,"Harvard Square, Cambridge","$4,050"
1680,"Nonantum, Newton","$2,400"
1681,"Chinatown - Leather District, Boston","$2,175"
1682,"Kenmore, Fenway - Kenmore - Audubon Circle - Longwood, Boston","$3,242"
1683,"West Fens, Fenway - Kenmore - Audubon Circle - Longwood, Boston","$2,900"
1684,"Egleston Square, Jamaica Plain, Boston","$3,475"
1685,"Oak Square, Brighton, Boston","$4,400"
1686,"Idylwide, Lexington","$2,700"
1687,"Mission Hill, Boston","$3,585"
1688,"Oak Square, Brighton, Boston","$5,250"
1689,"Downtown Boston, Boston","$4,300"
1690,"North Cambridge, Cambridge","$6,500"
1691,"Oak Square, Brighton, Boston","$2,200"
1692,"Cambridgeport, Cambridge","$2,800"
1693,"Commonwealth, Brighton, Boston","$2,850"
1694,"Davis Square, Somerville","$4,800"
1695,"Hyde Square, Jamaica Plain, Boston","$3,750"
1696,"St. Elizabeth's, Brighton, Boston","$3,700"
1697,"Coolidge Corner, Brookline","$4,300"
1698,"Newton Corner, Newton","$4,500"
1699,"Newton Corner, Newton","$6,000"
1700,"Allston, Boston","$3,620"
1701,"West Fens, Fenway - Kenmore - Audubon Circle - Longwood, Boston","$2,900"
1702,"Mission Hill, Boston","$1,950"
1703,"Hyde Square, Jamaica Plain, Boston","$2,900"
1704,"Prudential - St. Botolph, Back Bay, Boston","$2,600"
1705,"Washington Park, Roxbury, Boston","$3,495"
1706,"Powder House, Somerville","$3,850"
1707,"Allston, Boston","$5,200"
1708,"Allston, Boston","$3,600"
1709,"East Cambridge, Cambridge","$2,600"
1710,"Commonwealth, Brighton, Boston","$3,295"
1711,"Washington Square, Brookline","$6,500"
1712,"South Side, Waltham","$2,095"
1713,"Newton Center, Newton","$3,800"
1714,"Highland Park, Roxbury, Boston","$3,600"
1715,"Oak Grove - Pine Banks, Melrose","$2,750"
1716,"Prudential - St. Botolph, Back Bay, Boston","$3,675"
1717,"Coolidge Corner, Brookline","$4,400"
1718,"Oak Square, Brighton, Boston","$2,700"
1719,"Oak Square, Brighton, Boston","$2,400"
1720,"Commonwealth, Brighton, Boston","$2,250"
1721,"Commonwealth, Brighton, Boston","$2,250"
1722,"Mission Hill, Boston","$1,950"
1723,"Downtown Boston, Boston","$3,140"
1724,"Fenway, Fenway - Kenmore - Audubon Circle - Longwood, Boston","$3,100"
1725,"Fenway, Fenway - Kenmore - Audubon Circle - Longwood, Boston","$4,600"
1726,"Allston, Boston","$3,200"
1727,"Fenway, Fenway - Kenmore - Audubon Circle - Longwood, Boston","$2,200"
1728,"Spring Hill, Somerville","$1,875"
1729,"Riverside, Cambridge","$3,290"
1730,"Fenway, Fenway - Kenmore - Audubon Circle - Longwood, Boston","$5,800"
1731,"Hyde Square, Jamaica Plain, Boston","$2,800"
1732,"Jeffries Point - Airport, East Boston, Boston","$2,050"
1733,"Newton Corner, Watertown","$2,800"
1734,"Harvard Square, Cambridge","$7,500"
1735,"Cambridge Highlands, Cambridge","$3,306"
1736,"Commonwealth, Brighton, Boston","$3,400"
1737,"Harrison Lenox, South End, Boston","$3,550"
1738,"St. Elizabeth's, Brighton, Boston","$1,800"
1739,"Columbus, South End, Boston","$3,600"
1740,"Back Bay East, Back Bay, Boston","$2,600"
1741,"Mission Hill, Boston","$1,950"
1742,"Downtown Boston, Boston","$3,140"
1743,"Chinatown - Leather District, Boston","$4,660"
1744,"Fenway, Fenway - Kenmore - Audubon Circle - Longwood, Boston","$3,100"
1745,"Fenway, Fenway - Kenmore - Audubon Circle - Longwood, Boston","$4,600"
1746,"Coolidge Corner, Brookline","$7,500"
1747,"Upper Washington - Spring Street, West Roxbury, Boston","$1,900"
1748,"Commonwealth, Brighton, Boston","$2,750"
1749,"Coolidge Corner, Brookline","$2,195"
1750,"Jamaica Central - South Sumner, Jamaica Plain, Boston","$2,075"
1751,"Harbor View - Orient Heights, East Boston, Boston","$2,000"
1752,"Lower Roxbury, Roxbury, Boston","$2,600"
1753,"Egleston Square, Jamaica Plain, Boston","$4,350"
1754,"Oak Square, Brighton, Boston","$4,300"
1755,"Downtown Boston, Boston","$3,955"
1756,"Commonwealth, Brighton, Boston","$2,395"
1757,"Back Bay East, Back Bay, Boston","$5,000"
1758,"Newtonville, Newton","$3,400"
1759,"Commonwealth, Brighton, Boston","$3,200"
1760,"Washington Square, Brookline","$2,500"
1761,"Downtown Boston, Boston","$3,140"
1762,"Chinatown - Leather District, Boston","$4,660"
1763,"Downtown Boston, Boston","$5,419"
1764,"Fenway, Fenway - Kenmore - Audubon Circle - Longwood, Boston","$3,100"
1765,"Fenway, Fenway - Kenmore - Audubon Circle - Longwood, Boston","$4,600"
1766,"Coolidge Corner, Brookline","$7,500"
1767,"Upper Washington - Spring Street, West Roxbury, Boston","$1,900"
1768,"Mission Hill, Boston","$7,000"
1769,"Kenmore, Fenway - Kenmore - Audubon Circle - Longwood, Boston","$6,500"
1770,"Mission Hill, Boston","$3,600"
1771,"Mission Hill, Boston","$4,425"
1772,"Jamaica Central - South Sumner, Jamaica Plain, Boston","$2,025"
1773,"Coolidge Corner, Brookline","$2,600"
1774,"Kenmore, Fenway - Kenmore - Audubon Circle - Longwood, Boston","$6,500"
1775,"Neighborhood Nine, Cambridge","$2,900"
1776,"Allston, Boston","$1,850"
1777,"Oak Square, Brighton, Boston","$2,300"
1778,"St. Elizabeth's, Brighton, Boston","$3,000"
1779,"Allston, Boston","$6,300"
1780,"Commonwealth, Brighton, Boston","$4,300"
1781,"Coolidge Corner, Brookline","$7,500"
1782,"Upper Washington - Spring Street, West Roxbury, Boston","$1,900"
1783,"North Cambridge, Cambridge","$3,900"
1784,"North End, Boston","$2,940"
1785,"North End, Boston","$2,985"
1786,"Mission Hill, Boston","$4,200"
1787,"Angleside, Waltham","$1,201"
1788,"Fenway, Fenway - Kenmore - Audubon Circle - Longwood, Boston","$4,300"
1789,"Coolidge Corner, Brookline","$5,000"
1790,"Coolidge Corner, Brookline","$2,500"
1791,"Brookline Village, Brookline","$4,200"
1792,"Back Bay West, Back Bay, Boston","$2,800"
1793,"Mission Hill, Boston","$5,250"
1794,"Central Maverick Square - Paris Street, East Boston, Boston","$2,950"
1795,"Oak Square, Brighton, Boston","$3,300"
1796,"Oak Square, Brighton, Boston","$2,850"
1797,"Washington Square, Brookline","$2,395"
1798,"Oak Square, Brighton, Boston","$3,000"
1799,"Coolidge Corner, Boston","$1,850"
1800,"Oak Square, Brighton, Boston","$4,250"
1801,"North Cambridge, Cambridge","$3,900"
1802,"North End, Boston","$2,940"
1803,"North End, Boston","$2,985"
1804,"Mission Hill, Boston","$4,200"
1805,"Angleside, Waltham","$1,201"
1806,"Commonwealth, Brighton, Boston","$2,100"
1807,"Allston, Boston","$4,950"
1808,"Brookline Village, Brookline","$3,400"
1809,"North Allston, Allston, Boston","$2,800"
1810,"Back Bay East, Back Bay, Boston","$5,100"
1811,"Back Bay East, Back Bay, Boston","$13,500"
1812,"South Medford, Medford","$5,500"
1813,"Allston, Boston","$3,850"
1814,"Kenmore, Fenway - Kenmore - Audubon Circle - Longwood, Boston","$5,500"
1815,"Coolidge Corner, Brookline","$3,450"
1816,"North Allston, Allston, Boston","$2,500"
1817,"North Allston, Allston, Boston","$2,600"
1818,"Prudential - St. Botolph, Back Bay, Boston","$4,699"
1819,"North Allston, Allston, Boston","$2,700"
1820,"Commonwealth, Brighton, Boston","$2,200"
1821,"North Cambridge, Cambridge","$3,900"
1822,"North End, Boston","$2,940"
1823,"North End, Boston","$2,985"
1824,"Mission Hill, Boston","$4,200"
1825,"Angleside, Waltham","$1,201"
1826,"Highland Park, Roxbury, Boston","$2,500"
1827,"Huron Village, West Cambridge, Cambridge","$3,594"
1828,"Oak Square, Brighton, Boston","$2,200"
1829,"Downtown Boston, Boston","$3,650"
1830,"Chestnut Hill, Brookline","$3,200"
1831,"North End, Boston","$2,800"
1832,"Franklin Field North, Greater Mattapan, Boston","$3,300"
1833,"Coolidge Corner, Brookline","$5,225"
1834,"Oak Square, Brighton, Boston","$2,700"
1835,"Sav-Mor, Roxbury, Boston","$2,900"
1836,"Lower Roxbury, Roxbury, Boston","$3,150"
1837,"Commonwealth, Brighton, Boston","$2,050"
1838,"St. Elizabeth's, Brighton, Boston","$2,295"
1839,"St. Elizabeth's, Brighton, Boston","$1,675"
1840,"Area IV, Cambridge","$2,250"
1841,"St. Elizabeth's, Brighton, Boston","$1,600"
1842,"Highland Park, Roxbury, Boston","$2,500"
1843,"East Cambridge, Cambridge","$4,957"
1844,"Huron Village, West Cambridge, Cambridge","$3,594"
1845,"St. Elizabeth's, Brighton, Boston","$2,400"
1846,"Area IV, Cambridge","$3,290"
1847,"Mission Hill, Boston","$2,600"
1848,"Mission Hill, Boston","$5,400"
1849,"Mission Hill, Boston","$8,100"
1850,"Prudential - St. Botolph, Back Bay, Boston","$6,191"
1851,"Oak Square, Brighton, Boston","$3,300"
1852,"Hyde Square, Jamaica Plain, Boston","$3,300"
1853,"Commonwealth, Brighton, Boston","$2,500"
1854,"Mission Hill, Boston","$3,300"
1855,"Oak Square, Brighton, Boston","$2,550"
1856,"Back Bay East, Back Bay, Boston","$3,700"
1857,"Eagle Hill, East Boston, Boston","$2,400"
1858,"Allston, Boston","$4,200"
1859,"St. Elizabeth's, Brighton, Boston","$1,875"
1860,"St. Elizabeth's, Brighton, Boston","$2,000"
1861,"St. Elizabeth's, Brighton, Boston","$1,600"
1862,"Highland Park, Roxbury, Boston","$2,500"
1863,"East Cambridge, Cambridge","$4,957"
1864,"Huron Village, West Cambridge, Cambridge","$3,594"
1865,"North End, Boston","$2,600"
1866,"Downtown Boston, Boston","$3,189"
1867,"Downtown Boston, Boston","$2,980"
1868,"Allston, Boston","$2,925"
1869,"Oak Square, Brighton, Boston","$2,550"
1870,"Commonwealth, Brighton, Boston","$2,820"
1871,"North Allston, Allston, Boston","$4,000"
1872,"Watertown West End, Watertown","$3,195"
1873,"Commonwealth, Brighton, Boston","$4,800"
1874,"Mission Hill, Boston","$3,900"
1875,"Back Bay West, Back Bay, Boston","$3,100"
1876,"Newton Corner, Watertown","$2,225"
1877,"North Allston, Allston, Boston","$2,650"
1878,"Hyde Square, Jamaica Plain, Boston","$3,195"
1879,"Coolidge Corner, Brookline","$8,800"
1880,"Beacon Hill, Boston","$2,900"
1881,"Lower Roxbury, Roxbury, Boston","$3,300"
1882,"North End, Boston","$2,600"
1883,"Downtown Boston, Boston","$3,189"
1884,"Downtown Boston, Boston","$2,980"
1885,"Downtown Boston, Boston","$4,495"
1886,"Downtown Boston, Boston","$4,075"
1887,"Winter Hill, Somerville","$4,600"
1888,"Hyde Square, Jamaica Plain, Boston","$4,000"
1889,"Jamaica Central - South Sumner, Jamaica Plain, Boston","$4,200"
1890,"Allston, Boston","$3,895"
1891,"Jamaica Central - South Sumner, Jamaica Plain, Boston","$1,500"
1892,"North Allston, Allston, Boston","$2,250"
1893,"Eagle Hill, East Boston, Boston","$2,975"
1894,"Harvard Square, Cambridge","$3,545"
1895,"Jamaica Central - South Sumner, Jamaica Plain, Boston","$2,295"
1896,"West Fens, Fenway - Kenmore - Audubon Circle - Longwood, Boston","$2,350"
1897,"Jamaica Central - South Sumner, Jamaica Plain, Boston","$3,375"
1898,"Hyde Square, Jamaica Plain, Boston","$3,800"
1899,"Commonwealth, Brighton, Boston","$2,595"
1900,"Egleston Square, Jamaica Plain, Boston","$2,595"
1901,"Lower Roxbury, Roxbury, Boston","$3,300"
1902,"North End, Boston","$2,600"
1903,"Downtown Boston, Boston","$3,189"
1904,"Downtown Boston, Boston","$2,980"
1905,"Downtown Boston, Boston","$4,495"
1906,"Downtown Boston, Boston","$4,075"
1907,"Allston, Boston","$2,775"
1908,"South Quincy, Quincy","$2,800"
1909,"Commonwealth, Brighton, Boston","$4,200"
1910,"West Somerville, Somerville","$3,100"
1911,"Downtown Boston, Boston","$3,765"
1912,"Downtown Boston, Boston","$3,449"
1913,"Allston, Boston","$3,500"
1914,"Powder House, Somerville","$3,000"
1915,"East Cambridge, Cambridge","$4,200"
1916,"Commonwealth, Brighton, Boston","$4,550"
1917,"Commonwealth, Brighton, Boston","$3,800"
1918,"Mission Hill, Boston","$1,000"
1919,"Commonwealth, Brighton, Boston","$3,600"
1920,"Commonwealth, Brighton, Boston","$6,000"
1921,"Egleston Square, Jamaica Plain, Boston","$3,100"
1922,"Fenway, Fenway - Kenmore - Audubon Circle - Longwood, Boston","$3,300"
1923,"Mission Hill, Boston","$3,500"
1924,"Allston, Boston","$2,775"
1925,"Kenmore, Fenway - Kenmore - Audubon Circle - Longwood, Boston","$4,616"
1926,"Beacon Hill, Boston","$3,200"
1927,"Allston, Boston","$3,800"
1928,"Mission Hill, Boston","$4,200"
1929,"North Allston, Allston, Boston","$4,500"
1930,"Powder House, Somerville","$3,300"
1931,"Newton Center, Newton","$2,500"
1932,"Oak Square, Brighton, Boston","$1,995"
1933,"Allston, Boston","$4,200"
1934,"Oak Square, Brighton, Boston","$2,450"
1935,"Oak Square, Brighton, Boston","$2,600"
1936,"North Allston, Allston, Boston","$3,500"
1937,"Oak Square, Brighton, Boston","$3,400"
1938,"Thompson Square - Bunker Hill, Charlestown, Boston","$3,000"
1939,"Coolidge Corner, Brookline","$3,900"
1940,"Coolidge Corner, Brookline","$3,400"
1941,"Mission Hill, Boston","$3,500"
1942,"Oak Square, Brighton, Boston","$2,850"
1943,"Allston, Boston","$2,775"
1944,"Kenmore, Fenway - Kenmore - Audubon Circle - Longwood, Boston","$4,616"
1945,"Kenmore, Fenway - Kenmore - Audubon Circle - Longwood, Boston","$4,516"
1946,"D Street - West Broadway, South Boston, Boston","$2,300"
1947,"Prudential - St. Botolph, Back Bay, Boston","$4,799"
1948,"Columbus, South End, Boston","$3,250"
1949,"Financial District, Downtown Boston, Boston","$3,880"
1950,"Oak Square, Brighton, Boston","$5,000"
1951,"Mission Hill, Boston","$4,000"
1952,"West Fens, Fenway - Kenmore - Audubon Circle - Longwood, Boston","$2,150"
1953,"Mid-Cambridge, Cambridge","$3,050"
1954,"North End, Boston","$3,500"
1955,"Oak Square, Brighton, Boston","$3,200"
1956,"Commonwealth, Brighton, Boston","$3,800"
1957,"Coolidge Corner, Brookline","$3,150"
1958,"Commonwealth, Brighton, Boston","$3,200"
1959,"Brookline Village, Brookline","$2,000"
1960,"Kenmore, Fenway - Kenmore - Audubon Circle - Longwood, Boston","$3,187"
1961,"Kenmore, Fenway - Kenmore - Audubon Circle - Longwood, Boston","$4,616"
1962,"Kenmore, Fenway - Kenmore - Audubon Circle - Longwood, Boston","$4,516"
1963,"Commonwealth, Brighton, Boston","$2,950"
1964,"West Fens, Fenway - Kenmore - Audubon Circle - Longwood, Boston","$4,606"
1965,"Downtown Boston, Boston","$3,665"
1966,"Winter Hill, Somerville","$4,000"
1967,"Commonwealth, Brighton, Boston","$2,395"
1968,"Lower Roxbury, Roxbury, Boston","$3,200"
1969,"Fenway, Fenway - Kenmore - Audubon Circle - Longwood, Boston","$3,250"
1970,"Mission Hill, Boston","$7,500"
1971,"Fenway, Fenway - Kenmore - Audubon Circle - Longwood, Boston","$4,950"
1972,"Mission Hill, Boston","$5,000"
1973,"Mission Hill, Boston","$3,999"
1974,"Coolidge Corner, Brookline","$2,800"
1975,"West Medford, Medford","$4,000"
1976,"Coolidge Corner, Brookline","$2,395"
1977,"Allston, Boston","$5,500"
1978,"Mission Hill, Boston","$2,100"
1979,"Commonwealth, Brighton, Boston","$4,500"
